Timestep;Price;HV_LOAD;beta_co;beta_gc;Input_D_LV_MED;Input_D_MV_LOAD;Input_D_LV_HIGH;Input_D_LV_LOW;Total_Input_Demand;lambda_EOM_cap_LV_MED;E_EOM_LV_MED;lambda_EOM_0_LV_MED;D_EOM_cap_LV_MED;lambda_EOM_cap_MV_LOAD;E_EOM_MV_LOAD;lambda_EOM_0_MV_LOAD;D_EOM_cap_MV_LOAD;lambda_EOM_cap_LV_HIGH;E_EOM_LV_HIGH;lambda_EOM_0_LV_HIGH;D_EOM_cap_LV_HIGH;lambda_EOM_cap_LV_LOW;E_EOM_LV_LOW;lambda_EOM_0_LV_LOW;D_EOM_cap_LV_LOW;G_WindOnshore;G_Baseload;G_MidMerit;G_Peak;C_MidMerit;C_Baseload;C_Peak;C_WindOnshore;G_LV_MED;G_MV_LOAD;G_LV_HIGH;G_LV_LOW;ENS_LV_MED;ENS_MV_LOAD;ENS_LV_HIGH;ENS_LV_LOW;D_LV_MED;D_MV_LOAD;D_LV_HIGH;D_LV_LOW;D_elastic_LV_MED;D_elastic_MV_LOAD;D_elastic_LV_HIGH;D_elastic_LV_LOW;ENS_involuntary_LV_MED;ENS_involuntary_MV_LOAD;ENS_involuntary_LV_HIGH;ENS_involuntary_LV_LOW;PV_LV_MED;PV_MV_LOAD;PV_LV_HIGH;PV_LV_LOW;PV_Total;Total_ENS;Consumer_Demand;Total_Demand
1.0;0.09088;1.40287;1.0;1.0;1.32;3.66;0.165;0.12;5.265;2.0;0.0;0.0;0.0;1.0;0.0;0.0;0.0;1.2;0.0;0.0;0.0;2.5;0.0;0.0;0.0;0.315;6.35287;0.0;0.0;3.47221;6.94256;2.82288;4.5;-1.32;-3.66;-0.165;-0.12;0.0;0.0;0.0;0.0;1.32;3.66;0.165;0.12;0.0;0.0;0.0;0.0;0.0;0.0;0.0;0.0;0.0;0.0;0.0;0.0;0.0;0.0;5.265;6.66787
2.0;0.08714;1.40281;1.0;1.0;0.285;3.155;0.165;0.075;3.68;2.0;0.0;0.0;0.0;1.0;0.0;0.0;0.0;1.2;0.0;0.0;0.0;2.5;0.0;0.0;0.0;0.225;4.85781;0.0;0.0;3.47221;6.94256;2.82288;4.5;-0.285;-3.155;-0.165;-0.075;0.0;0.0;0.0;0.0;0.285;3.155;0.165;0.075;0.0;0.0;0.0;0.0;0.0;0.0;0.0;0.0;0.0;0.0;0.0;0.0;0.0;0.0;3.68;5.08281
3.0;0.08719;1.37684;1.0;1.0;0.255;3.155;0.165;0.105;3.68;2.0;0.0;0.0;0.0;1.0;0.0;0.0;0.0;1.2;0.0;0.0;0.0;2.5;0.0;0.0;0.0;0.18;4.87684;0.0;0.0;3.47221;6.94256;2.82288;4.5;-0.255;-3.155;-0.165;-0.105;0.0;0.0;0.0;0.0;0.255;3.155;0.165;0.105;0.0;0.0;0.0;0.0;0.0;0.0;0.0;0.0;0.0;0.0;0.0;0.0;0.0;0.0;3.68;5.05684
4.0;0.08718;1.35769;1.0;1.0;0.225;3.155;0.165;0.105;3.65;2.0;0.0;0.0;0.0;1.0;0.0;0.0;0.0;1.2;0.0;0.0;0.0;2.5;0.0;0.0;0.0;0.135;4.87269;0.0;0.0;3.47221;6.94256;2.82288;4.5;-0.225;-3.155;-0.165;-0.105;0.0;0.0;0.0;0.0;0.225;3.155;0.165;0.105;0.0;0.0;0.0;0.0;0.0;0.0;0.0;0.0;0.0;0.0;0.0;0.0;0.0;0.0;3.65;5.00769
5.0;0.08957;1.2612;1.0;1.0;0.165;4.055;0.33;0.105;4.655;2.0;0.0;0.0;0.0;1.0;0.0;0.0;0.0;1.2;0.0;0.0;0.0;2.5;0.0;0.0;0.0;0.09;5.8262;0.0;0.0;3.47221;6.94256;2.82288;4.5;-0.165;-4.055;-0.33;-0.105;0.0;0.0;0.0;0.0;0.165;4.055;0.33;0.105;0.0;0.0;0.0;0.0;0.0;0.0;0.0;0.0;0.0;0.0;0.0;0.0;0.0;0.0;4.655;5.9162
6.0;0.09199;1.42198;1.0;1.0;0.165;4.55;0.63;0.165;5.51;2.0;0.0;0.0;0.0;1.0;0.0;0.0;0.0;1.2;0.0;0.0;0.0;2.5;0.0;0.0;0.0;0.135;6.79698;0.0;0.0;3.47221;6.94256;2.82288;4.5;-0.165;-4.55;-0.63;-0.165;0.0;0.0;0.0;0.0;0.165;4.55;0.63;0.165;0.0;0.0;0.0;0.0;0.0;0.0;0.0;0.0;0.0;0.0;0.0;0.0;0.0;0.0;5.51;6.93198
7.0;0.10355;1.59712;1.0;1.0;0.33;4.955;1.53;0.435;7.25;2.0;0.0;0.0;0.0;1.0;0.0;0.0;0.0;1.2;0.0;0.0;0.0;2.5;0.0;0.0;0.0;0.135;6.94256;1.76959;0.0;3.47221;6.94256;2.82288;4.5;-0.33;-4.955;-1.53;-0.435;0.0;0.0;0.0;0.0;0.33;4.955;1.53;0.435;0.0;0.0;0.0;0.0;0.0;0.0;0.0;0.0;0.0;0.0;0.0;0.0;0.0;0.0;7.25;8.84712
8.0;0.10675;1.34493;1.0;1.0;0.66;4.95;2.43;0.99;9.03;2.0;0.0;0.0;0.0;1.0;0.0;0.0;0.0;1.2;0.0;0.0;0.0;2.5;0.0;0.0;0.0;0.0585;6.94256;3.3739;0.0;3.47221;6.94256;2.82288;4.5;-0.66;-4.95;-2.43;-0.99;0.0;0.0;0.0;0.0;0.66;4.95;2.43;0.99;0.0;0.0;0.0;0.0;0.0;0.0;0.0;0.0;0.0;0.0;0.0;0.0;0.0;0.0;9.03;10.37493
9.0;0.15101;1.34381;1.0;1.0;0.9;5.25;3.0;0.576;9.726;2.0;0.0;0.0;0.0;1.0;0.0;0.0;0.0;1.2;0.0;0.0;0.0;2.5;0.0;0.0;0.0;0.135;6.94256;3.47221;0.48586;3.47221;6.94256;2.82288;4.5;-0.885;-5.235;-3.0;-0.5715;0.0;0.0;0.0;0.0;0.9;5.25;3.0;0.576;0.0;0.0;0.0;0.0;0.0;0.0;0.0;0.0;0.015;0.015;0.0;0.0045;0.0345;0.0;9.726;11.06981
10.0;0.15145;1.22693;1.0;1.0;1.26;5.15;3.3;0.36;10.07;2.0;0.0;0.0;0.0;1.0;0.0;0.0;0.0;1.2;0.0;0.0;0.0;2.5;0.0;0.0;0.0;0.108;6.94256;3.47221;0.70548;3.47221;6.94256;2.82288;4.5;-1.23;-5.12;-3.3;-0.351;0.0;0.0;0.0;0.0;1.26;5.15;3.3;0.36;0.0;0.0;0.0;0.0;0.0;0.0;0.0;0.0;0.03;0.03;0.0;0.009;0.069;0.0;10.07;11.29693
11.0;0.15186;1.47439;1.0;1.0;1.5;4.75;3.66;0.198;10.108;2.0;0.0;0.0;0.0;1.0;0.0;0.0;0.0;1.2;0.0;0.0;0.0;2.5;0.0;0.0;0.0;0.153;6.94256;3.47221;0.91144;3.47221;6.94256;2.82288;4.5;-1.455;-4.705;-3.66;-0.1845;0.0;0.0;0.0;0.0;1.5;4.75;3.66;0.198;0.0;0.0;0.0;0.0;0.0;0.0;0.0;0.0;0.045;0.045;0.0;0.0135;0.1035;0.0;10.108;11.58239
12.0;0.15255;1.61717;1.0;1.0;1.26;4.95;3.99;0.231;10.431;2.0;0.0;0.0;0.0;1.0;0.0;0.0;0.0;1.2;0.0;0.0;0.0;2.5;0.0;0.0;0.0;0.135;6.94256;3.47221;1.25722;3.47221;6.94256;2.82288;4.5;-1.155;-4.845;-3.99;-0.1995;0.0;0.0;0.0;0.0;1.26;4.95;3.99;0.231;0.0;0.0;0.0;0.0;0.0;0.0;0.0;0.0;0.105;0.105;0.0;0.0315;0.2415;0.0;10.431;12.04817
13.0;0.15323;1.33986;1.0;1.0;1.5;5.35;3.99;0.264;11.104;2.0;0.0;0.0;0.0;1.0;0.0;0.0;0.0;1.2;0.0;0.0;0.0;2.5;0.0;0.0;0.0;0.09;6.94256;3.47221;1.59441;3.47221;6.94256;2.82288;4.5;-1.35;-5.2;-3.99;-0.219;0.0;0.0;0.0;0.0;1.5;5.35;3.99;0.264;0.0;0.0;0.0;0.0;0.0;0.0;0.0;0.0;0.15;0.15;0.0;0.045;0.345;0.0;11.104;12.44386
14.0;0.15303;1.43779;1.0;1.0;1.86;5.055;3.69;0.33;10.935;2.0;0.0;0.0;0.0;1.0;0.0;0.0;0.0;1.2;0.0;0.0;0.0;2.5;0.0;0.0;0.0;0.045;6.94256;3.47221;1.49934;3.47221;6.94256;2.82288;4.5;-1.68;-4.875;-3.69;-0.276;0.0;0.0;0.0;0.0;1.86;5.055;3.69;0.33;0.0;0.0;0.0;0.0;0.0;0.0;0.0;0.0;0.18;0.18;0.0;0.054;0.414;0.0;10.935;12.37279
15.0;0.15092;1.2599;1.0;1.0;1.5;4.95;3.36;0.198;10.008;2.0;0.0;0.0;0.0;1.0;0.0;0.0;0.0;1.2;0.0;0.0;0.0;2.5;0.0;0.0;0.0;0.0675;6.94256;3.47221;0.44095;3.47221;6.94256;2.82288;4.5;-1.35;-4.8;-3.36;-0.153;0.0;0.0;0.0;0.0;1.5;4.95;3.36;0.198;0.0;0.0;0.0;0.0;0.0;0.0;0.0;0.0;0.15;0.15;0.0;0.045;0.345;0.0;10.008;11.2679
16.0;0.15284;1.23028;1.0;1.0;1.26;4.95;4.5;0.198;10.908;2.0;0.0;0.0;0.0;1.0;0.0;0.0;0.0;1.2;0.0;0.0;0.0;2.5;0.0;0.0;0.0;0.045;6.94256;3.47221;1.40283;3.47221;6.94256;2.82288;4.5;-1.14;-4.83;-4.5;-0.162;0.0;0.0;0.0;0.0;1.26;4.95;4.5;0.198;0.0;0.0;0.0;0.0;0.0;0.0;0.0;0.0;0.12;0.12;0.0;0.036;0.276;0.0;10.908;12.13828
17.0;0.15381;1.27699;1.0;1.0;3.0;4.95;2.85;0.51;11.31;2.0;0.0;0.0;0.0;1.0;0.0;0.0;0.0;1.2;0.0;0.0;0.0;2.5;0.0;0.0;0.0;0.045;6.94256;3.47221;1.88604;3.47221;6.94256;2.82288;4.5;-2.895;-4.845;-2.85;-0.4785;0.0;0.0;0.0;0.0;3.0;4.95;2.85;0.51;0.0;0.0;0.0;0.0;0.0;0.0;0.0;0.0;0.105;0.105;0.0;0.0315;0.2415;0.0;11.31;12.58699
18.0;1.00162;1.52749;1.0;1.0;3.6;4.75;2.31;1.98;12.64;2.0;0.0;0.0;0.0;1.0;0.0;0.0;0.0;1.2;0.0;0.0;0.0;2.5;0.0;0.0;0.0;0.135;6.94256;3.47221;2.82288;3.47221;6.94256;2.82288;4.5;-3.525;-4.03057;-2.31;-1.9575;0.0;0.64443;0.0;0.0;3.6;4.10557;2.31;1.98;0.0;0.0;0.0;0.0;0.0;0.64443;0.0;0.0;0.075;0.075;0.0;0.0225;0.1725;0.64443;11.99557;13.52306
19.0;0.89176;1.58603;1.0;1.0;2.58;4.955;2.97;1.368;11.873;2.0;0.0;0.0;0.0;1.0;0.0;0.0;0.0;1.2;0.0;0.0;0.0;2.5;0.0;0.0;0.0;0.18;6.94256;3.47221;2.82288;3.47221;6.94256;2.82288;4.5;-2.58;-4.955;-2.97;-1.368;0.0;0.0;0.0;0.0;2.58;4.955;2.97;1.368;0.0;0.0;0.0;0.0;0.0;0.0;0.0;0.0;0.0;0.0;0.0;0.0;0.0;0.0;11.873;13.45903
20.0;0.1548;1.34556;1.0;1.0;3.3;4.055;3.33;0.99;11.675;2.0;0.0;0.0;0.0;1.0;0.0;0.0;0.0;1.2;0.0;0.0;0.0;2.5;0.0;0.0;0.0;0.225;6.94256;3.47221;2.38111;3.47221;6.94256;2.82288;4.5;-3.3;-4.055;-3.33;-0.99;0.0;0.0;0.0;0.0;3.3;4.055;3.33;0.99;0.0;0.0;0.0;0.0;0.0;0.0;0.0;0.0;0.0;0.0;0.0;0.0;0.0;0.0;11.675;13.02056
21.0;0.15129;1.22179;1.0;1.0;2.7;3.85;2.55;0.99;10.09;2.0;0.0;0.0;0.0;1.0;0.0;0.0;0.0;1.2;0.0;0.0;0.0;2.5;0.0;0.0;0.0;0.27;6.94256;3.47221;0.62734;3.47221;6.94256;2.82288;4.5;-2.7;-3.85;-2.55;-0.99;0.0;0.0;0.0;0.0;2.7;3.85;2.55;0.99;0.0;0.0;0.0;0.0;0.0;0.0;0.0;0.0;0.0;0.0;0.0;0.0;0.0;0.0;10.09;11.31179
22.0;0.10448;1.05882;1.0;1.0;2.4;4.054;1.65;0.33;8.434;2.0;0.0;0.0;0.0;1.0;0.0;0.0;0.0;1.2;0.0;0.0;0.0;2.5;0.0;0.0;0.0;0.315;6.94256;2.23528;0.0;3.47221;6.94256;2.82288;4.5;-2.4;-4.054;-1.65;-0.33;0.0;0.0;0.0;0.0;2.4;4.054;1.65;0.33;0.0;0.0;0.0;0.0;0.0;0.0;0.0;0.0;0.0;0.0;0.0;0.0;0.0;0.0;8.434;9.49282
23.0;0.10122;1.0796;1.0;1.0;1.8;3.785;1.05;0.15;6.785;2.0;0.0;0.0;0.0;1.0;0.0;0.0;0.0;1.2;0.0;0.0;0.0;2.5;0.0;0.0;0.0;0.315;6.94256;0.60707;0.0;3.47221;6.94256;2.82288;4.5;-1.8;-3.785;-1.05;-0.15;0.0;0.0;0.0;0.0;1.8;3.785;1.05;0.15;0.0;0.0;0.0;0.0;0.0;0.0;0.0;0.0;0.0;0.0;0.0;0.0;0.0;0.0;6.785;7.8646
24.0;0.09205;1.21054;1.0;1.0;1.5;3.6;0.75;0.12;5.97;2.0;0.0;0.0;0.0;1.0;0.0;0.0;0.0;1.2;0.0;0.0;0.0;2.5;0.0;0.0;0.0;0.36;6.82054;0.0;0.0;3.47221;6.94256;2.82288;4.5;-1.5;-3.6;-0.75;-0.12;0.0;0.0;0.0;0.0;1.5;3.6;0.75;0.12;0.0;0.0;0.0;0.0;0.0;0.0;0.0;0.0;0.0;0.0;0.0;0.0;0.0;0.0;5.97;7.18054
25.0;0.08671;1.28327;1.0;1.0;1.26;3.25;0.165;0.12;4.795;2.0;0.0;0.0;0.0;1.0;0.0;0.0;0.0;1.2;0.0;0.0;0.0;2.5;0.0;0.0;0.0;1.395;4.68327;0.0;0.0;3.47221;6.94256;2.82288;4.5;-1.26;-3.25;-0.165;-0.12;0.0;0.0;0.0;0.0;1.26;3.25;0.165;0.12;0.0;0.0;0.0;0.0;0.0;0.0;0.0;0.0;0.0;0.0;0.0;0.0;0.0;0.0;4.795;6.07827
26.0;0.08416;1.25792;1.0;1.0;0.27;3.26;0.165;0.06;3.755;2.0;0.0;0.0;0.0;1.0;0.0;0.0;0.0;1.2;0.0;0.0;0.0;2.5;0.0;0.0;0.0;1.35;3.66292;0.0;0.0;3.47221;6.94256;2.82288;4.5;-0.27;-3.26;-0.165;-0.06;0.0;0.0;0.0;0.0;0.27;3.26;0.165;0.06;0.0;0.0;0.0;0.0;0.0;0.0;0.0;0.0;0.0;0.0;0.0;0.0;0.0;0.0;3.755;5.01292
27.0;0.0845;1.20004;1.0;1.0;0.24;3.41;0.165;0.09;3.905;2.0;0.0;0.0;0.0;1.0;0.0;0.0;0.0;1.2;0.0;0.0;0.0;2.5;0.0;0.0;0.0;1.305;3.80004;0.0;0.0;3.47221;6.94256;2.82288;4.5;-0.24;-3.41;-0.165;-0.09;0.0;0.0;0.0;0.0;0.24;3.41;0.165;0.09;0.0;0.0;0.0;0.0;0.0;0.0;0.0;0.0;0.0;0.0;0.0;0.0;0.0;0.0;3.905;5.10504
28.0;0.08394;1.19813;1.0;1.0;0.21;3.18;0.159;0.09;3.639;2.0;0.0;0.0;0.0;1.0;0.0;0.0;0.0;1.2;0.0;0.0;0.0;2.5;0.0;0.0;0.0;1.26;3.57713;0.0;0.0;3.47221;6.94256;2.82288;4.5;-0.21;-3.18;-0.159;-0.09;0.0;0.0;0.0;0.0;0.21;3.18;0.159;0.09;0.0;0.0;0.0;0.0;0.0;0.0;0.0;0.0;0.0;0.0;0.0;0.0;0.0;0.0;3.639;4.83713
29.0;0.08533;1.20884;1.0;1.0;0.15;3.75;0.33;0.09;4.32;2.0;0.0;0.0;0.0;1.0;0.0;0.0;0.0;1.2;0.0;0.0;0.0;2.5;0.0;0.0;0.0;1.395;4.13384;0.0;0.0;3.47221;6.94256;2.82288;4.5;-0.15;-3.75;-0.33;-0.09;0.0;0.0;0.0;0.0;0.15;3.75;0.33;0.09;0.0;0.0;0.0;0.0;0.0;0.0;0.0;0.0;0.0;0.0;0.0;0.0;0.0;0.0;4.32;5.52884
30.0;0.08844;1.27088;1.0;1.0;0.15;4.66;0.54;0.15;5.5;2.0;0.0;0.0;0.0;1.0;0.0;0.0;0.0;1.2;0.0;0.0;0.0;2.5;0.0;0.0;0.0;1.395;5.37588;0.0;0.0;3.47221;6.94256;2.82288;4.5;-0.15;-4.66;-0.54;-0.15;0.0;0.0;0.0;0.0;0.15;4.66;0.54;0.15;0.0;0.0;0.0;0.0;0.0;0.0;0.0;0.0;0.0;0.0;0.0;0.0;0.0;0.0;5.5;6.77088
31.0;0.10093;1.34344;1.0;1.0;0.3;5.4;1.5;0.39;7.59;2.0;0.0;0.0;0.0;1.0;0.0;0.0;0.0;1.2;0.0;0.0;0.0;2.5;0.0;0.0;0.0;1.53;6.94256;0.46091;0.0;3.47221;6.94256;2.82288;4.5;-0.3;-5.4;-1.5;-0.39;0.0;0.0;0.0;0.0;0.3;5.4;1.5;0.39;0.0;0.0;0.0;0.0;0.0;0.0;0.0;0.0;0.0;0.0;0.0;0.0;0.0;0.0;7.59;8.93344
32.0;0.10303;1.36522;1.0;1.0;0.54;4.78;2.55;0.84;8.71;2.0;0.0;0.0;0.0;1.0;0.0;0.0;0.0;1.2;0.0;0.0;0.0;2.5;0.0;0.0;0.0;1.62;6.94256;1.51269;0.0;3.47221;6.94256;2.82288;4.5;-0.54;-4.78;-2.55;-0.84;0.0;0.0;0.0;0.0;0.54;4.78;2.55;0.84;0.0;0.0;0.0;0.0;0.0;0.0;0.0;0.0;0.0;0.0;0.0;0.0;0.0;0.0;8.71;10.07522
33.0;0.10365;1.40152;1.0;1.0;0.9;4.77;2.82;0.54;9.03;2.0;0.0;0.0;0.0;1.0;0.0;0.0;0.0;1.2;0.0;0.0;0.0;2.5;0.0;0.0;0.0;1.665;6.94256;1.82399;0.0;3.47221;6.94256;2.82288;4.5;-0.9;-4.77;-2.82;-0.54;0.0;0.0;0.0;0.0;0.9;4.77;2.82;0.54;0.0;0.0;0.0;0.0;0.0;0.0;0.0;0.0;0.0;0.0;0.0;0.0;0.0;0.0;9.03;10.43152
34.0;0.10451;1.47287;1.0;1.0;1.14;4.97;3.18;0.27;9.56;2.0;0.0;0.0;0.0;1.0;0.0;0.0;0.0;1.2;0.0;0.0;0.0;2.5;0.0;0.0;0.0;1.665;6.94256;2.25284;0.0;3.47221;6.94256;2.82288;4.5;-1.065;-4.895;-3.18;-0.2475;0.0;0.0;0.0;0.0;1.14;4.97;3.18;0.27;0.0;0.0;0.0;0.0;0.0;0.0;0.0;0.0;0.075;0.075;0.0;0.0225;0.1725;0.0;9.56;11.03287
35.0;0.10288;1.4102;1.0;1.0;1.47;4.29;3.42;0.18;9.36;2.0;0.0;0.0;0.0;1.0;0.0;0.0;0.0;1.2;0.0;0.0;0.0;2.5;0.0;0.0;0.0;1.665;6.94256;1.43817;0.0;3.47221;6.94256;2.82288;4.5;-1.155;-3.975;-3.42;-0.0855;0.0;0.0;0.0;0.0;1.47;4.29;3.42;0.18;0.0;0.0;0.0;0.0;0.0;0.0;0.0;0.0;0.315;0.315;0.0;0.0945;0.7245;0.0;9.36;10.7702
36.0;0.10307;1.31434;1.0;1.0;1.17;5.02;3.78;0.21;10.18;2.0;0.0;0.0;0.0;1.0;0.0;0.0;0.0;1.2;0.0;0.0;0.0;2.5;0.0;0.0;0.0;1.71;6.94256;1.53081;0.0;3.47221;6.94256;2.82288;4.5;-0.6;-4.45;-3.78;-0.039;0.0;0.0;0.0;0.0;1.17;5.02;3.78;0.21;0.0;0.0;0.0;0.0;0.0;0.0;0.0;0.0;0.57;0.57;0.0;0.171;1.311;0.0;10.18;11.49434
37.0;0.1033;1.15546;1.0;1.0;1.47;5.02;3.99;0.24;10.72;2.0;0.0;0.0;0.0;1.0;0.0;0.0;0.0;1.2;0.0;0.0;0.0;2.5;0.0;0.0;0.0;1.8;6.94256;1.64943;0.0;3.47221;6.94256;2.82288;4.5;-0.825;-4.375;-3.99;-0.0465;0.0;0.0;0.0;0.0;1.47;5.02;3.99;0.24;0.0;0.0;0.0;0.0;0.0;0.0;0.0;0.0;0.645;0.645;0.0;0.1935;1.4835;0.0;10.72;11.87546
38.0;0.10334;1.32303;1.0;1.0;1.98;4.75;3.63;0.3;10.66;2.0;0.0;0.0;0.0;1.0;0.0;0.0;0.0;1.2;0.0;0.0;0.0;2.5;0.0;0.0;0.0;1.89;6.94256;1.66699;0.0;3.47221;6.94256;2.82288;4.5;-1.335;-4.105;-3.63;-0.1065;0.0;0.0;0.0;0.0;1.98;4.75;3.63;0.3;0.0;0.0;0.0;0.0;0.0;0.0;0.0;0.0;0.645;0.645;0.0;0.1935;1.4835;0.0;10.66;11.98303
39.0;0.10118;1.22784;1.0;1.0;1.35;4.65;3.48;0.18;9.66;2.0;0.0;0.0;0.0;1.0;0.0;0.0;0.0;1.2;0.0;0.0;0.0;2.5;0.0;0.0;0.0;1.98;6.94256;0.58531;0.0;3.47221;6.94256;2.82288;4.5;-0.75;-4.05;-3.48;0.0;0.0;0.0;0.0;0.0;1.35;4.65;3.48;0.18;0.0;0.0;0.0;0.0;0.0;0.0;0.0;0.0;0.6;0.6;0.0;0.18;1.38;0.0;9.66;10.88784
40.0;0.1003;1.27443;1.0;1.0;1.32;4.81;2.76;0.18;9.07;2.0;0.0;0.0;0.0;1.0;0.0;0.0;0.0;1.2;0.0;0.0;0.0;2.5;0.0;0.0;0.0;1.98;6.94255;0.1454;0.0;3.47221;6.94256;2.82288;4.5;-0.765;-4.255;-2.76;-0.0135;0.0;0.0;0.0;0.0;1.32;4.81;2.76;0.18;0.0;0.0;0.0;0.0;0.0;0.0;0.0;0.0;0.555;0.555;0.0;0.1665;1.2765;0.0;9.07;10.34443
41.0;0.10535;1.27381;1.0;1.0;3.06;5.14;2.55;0.48;11.23;2.0;0.0;0.0;0.0;1.0;0.0;0.0;0.0;1.2;0.0;0.0;0.0;2.5;0.0;0.0;0.0;2.025;6.94256;2.67378;0.0;3.47221;6.94256;2.82288;4.5;-2.685;-4.765;-2.55;-0.3675;0.0;0.0;0.0;0.0;3.06;5.14;2.55;0.48;0.0;0.0;0.0;0.0;0.0;0.0;0.0;0.0;0.375;0.375;0.0;0.1125;0.8625;0.0;11.23;12.50381
42.0;0.10641;1.45428;1.0;1.0;2.37;5.23;2.19;1.2;10.99;2.0;0.0;0.0;0.0;1.0;0.0;0.0;0.0;1.2;0.0;0.0;0.0;2.5;0.0;0.0;0.0;2.025;6.94256;3.20074;0.0;3.47221;6.94256;2.82288;4.5;-2.25;-5.11;-2.19;-1.164;0.0;0.0;0.0;0.0;2.37;5.23;2.19;1.2;0.0;0.0;0.0;0.0;0.0;0.0;0.0;0.0;0.12;0.12;0.0;0.036;0.276;0.0;10.99;12.44428
43.0;0.15212;1.44471;1.0;1.0;2.52;5.42;2.76;1.38;12.08;2.0;0.0;0.0;0.0;1.0;0.0;0.0;0.0;1.2;0.0;0.0;0.0;2.5;0.0;0.0;0.0;2.07;6.94256;3.47221;1.04026;3.47221;6.94256;2.82288;4.5;-2.52;-5.42;-2.76;-1.38;0.0;0.0;0.0;0.0;2.52;5.42;2.76;1.38;0.0;0.0;0.0;0.0;0.0;0.0;0.0;0.0;0.0;0.0;0.0;0.0;0.0;0.0;12.08;13.52471
44.0;0.15115;1.11522;1.0;1.0;3.21;4.26;3.6;0.9;11.97;2.0;0.0;0.0;0.0;1.0;0.0;0.0;0.0;1.2;0.0;0.0;0.0;2.5;0.0;0.0;0.0;2.115;6.94256;3.47221;0.55577;3.47221;6.94256;2.82288;4.5;-3.21;-4.26;-3.6;-0.9;0.0;0.0;0.0;0.0;3.21;4.26;3.6;0.9;0.0;0.0;0.0;0.0;0.0;0.0;0.0;0.0;0.0;0.0;0.0;0.0;0.0;0.0;11.97;13.08522
45.0;0.10407;1.12966;1.0;1.0;2.46;4.05;2.55;0.81;9.87;2.0;0.0;0.0;0.0;1.0;0.0;0.0;0.0;1.2;0.0;0.0;0.0;2.5;0.0;0.0;0.0;2.025;6.94256;2.03213;0.0;3.47221;6.94256;2.82288;4.5;-2.46;-4.05;-2.55;-0.81;0.0;0.0;0.0;0.0;2.46;4.05;2.55;0.81;0.0;0.0;0.0;0.0;0.0;0.0;0.0;0.0;0.0;0.0;0.0;0.0;0.0;0.0;9.87;10.99966
46.0;0.10181;1.15455;1.0;1.0;2.22;4.38;1.44;0.27;8.31;2.0;0.0;0.0;0.0;1.0;0.0;0.0;0.0;1.2;0.0;0.0;0.0;2.5;0.0;0.0;0.0;1.62;6.94256;0.90202;0.0;3.47221;6.94256;2.82288;4.5;-2.22;-4.38;-1.44;-0.27;0.0;0.0;0.0;0.0;2.22;4.38;1.44;0.27;0.0;0.0;0.0;0.0;0.0;0.0;0.0;0.0;0.0;0.0;0.0;0.0;0.0;0.0;8.31;9.46455
47.0;0.09121;1.16421;1.0;1.0;1.89;3.76;0.96;0.15;6.76;2.0;0.0;0.0;0.0;1.0;0.0;0.0;0.0;1.2;0.0;0.0;0.0;2.5;0.0;0.0;0.0;1.44;6.48421;0.0;0.0;3.47221;6.94256;2.82288;4.5;-1.89;-3.76;-0.96;-0.15;0.0;0.0;0.0;0.0;1.89;3.76;0.96;0.15;0.0;0.0;0.0;0.0;0.0;0.0;0.0;0.0;0.0;0.0;0.0;0.0;0.0;0.0;6.76;7.92421
48.0;0.08937;1.27198;1.0;1.0;1.47;3.74;0.54;0.12;5.87;2.0;0.0;0.0;0.0;1.0;0.0;0.0;0.0;1.2;0.0;0.0;0.0;2.5;0.0;0.0;0.0;1.395;5.74698;0.0;0.0;3.47221;6.94256;2.82288;4.5;-1.47;-3.74;-0.54;-0.12;0.0;0.0;0.0;0.0;1.47;3.74;0.54;0.12;0.0;0.0;0.0;0.0;0.0;0.0;0.0;0.0;0.0;0.0;0.0;0.0;0.0;0.0;5.87;7.14198
49.0;0.08761;1.26346;1.0;1.0;1.08;3.96;0.15;0.12;5.31;2.0;0.0;0.0;0.0;1.0;0.0;0.0;0.0;1.2;0.0;0.0;0.0;2.5;0.0;0.0;0.0;1.53;5.04346;0.0;0.0;3.47221;6.94256;2.82288;4.5;-1.08;-3.96;-0.15;-0.12;0.0;0.0;0.0;0.0;1.08;3.96;0.15;0.12;0.0;0.0;0.0;0.0;0.0;0.0;0.0;0.0;0.0;0.0;0.0;0.0;0.0;0.0;5.31;6.57346
50.0;0.08387;1.21276;1.0;1.0;0.27;3.34;0.15;0.06;3.82;2.0;0.0;0.0;0.0;1.0;0.0;0.0;0.0;1.2;0.0;0.0;0.0;2.5;0.0;0.0;0.0;1.485;3.54776;0.0;0.0;3.47221;6.94256;2.82288;4.5;-0.27;-3.34;-0.15;-0.06;0.0;0.0;0.0;0.0;0.27;3.34;0.15;0.06;0.0;0.0;0.0;0.0;0.0;0.0;0.0;0.0;0.0;0.0;0.0;0.0;0.0;0.0;3.82;5.03276
51.0;0.08383;1.18162;1.0;1.0;0.24;3.31;0.15;0.09;3.79;2.0;0.0;0.0;0.0;1.0;0.0;0.0;0.0;1.2;0.0;0.0;0.0;2.5;0.0;0.0;0.0;1.44;3.53162;0.0;0.0;3.47221;6.94256;2.82288;4.5;-0.24;-3.31;-0.15;-0.09;0.0;0.0;0.0;0.0;0.24;3.31;0.15;0.09;0.0;0.0;0.0;0.0;0.0;0.0;0.0;0.0;0.0;0.0;0.0;0.0;0.0;0.0;3.79;4.97162
52.0;0.08338;1.14311;1.0;1.0;0.21;3.2;0.15;0.09;3.65;2.0;0.0;0.0;0.0;1.0;0.0;0.0;0.0;1.2;0.0;0.0;0.0;2.5;0.0;0.0;0.0;1.44;3.35311;0.0;0.0;3.47221;6.94256;2.82288;4.5;-0.21;-3.2;-0.15;-0.09;0.0;0.0;0.0;0.0;0.21;3.2;0.15;0.09;0.0;0.0;0.0;0.0;0.0;0.0;0.0;0.0;0.0;0.0;0.0;0.0;0.0;0.0;3.65;4.79311
53.0;0.08658;1.14811;1.0;1.0;0.15;4.34;0.3;0.09;4.88;2.0;0.0;0.0;0.0;1.0;0.0;0.0;0.0;1.2;0.0;0.0;0.0;2.5;0.0;0.0;0.0;1.395;4.63311;0.0;0.0;3.47221;6.94256;2.82288;4.5;-0.15;-4.34;-0.3;-0.09;0.0;0.0;0.0;0.0;0.15;4.34;0.3;0.09;0.0;0.0;0.0;0.0;0.0;0.0;0.0;0.0;0.0;0.0;0.0;0.0;0.0;0.0;4.88;6.02811
54.0;0.08918;1.15881;1.0;1.0;0.15;4.89;0.63;0.15;5.82;2.0;0.0;0.0;0.0;1.0;0.0;0.0;0.0;1.2;0.0;0.0;0.0;2.5;0.0;0.0;0.0;1.305;5.67381;0.0;0.0;3.47221;6.94256;2.82288;4.5;-0.15;-4.89;-0.63;-0.15;0.0;0.0;0.0;0.0;0.15;4.89;0.63;0.15;0.0;0.0;0.0;0.0;0.0;0.0;0.0;0.0;0.0;0.0;0.0;0.0;0.0;0.0;5.82;6.97881
55.0;0.09182;1.15804;1.0;1.0;0.33;4.46;1.65;0.39;6.83;2.0;0.0;0.0;0.0;1.0;0.0;0.0;0.0;1.2;0.0;0.0;0.0;2.5;0.0;0.0;0.0;1.26;6.72804;0.0;0.0;3.47221;6.94256;2.82288;4.5;-0.33;-4.46;-1.65;-0.39;0.0;0.0;0.0;0.0;0.33;4.46;1.65;0.39;0.0;0.0;0.0;0.0;0.0;0.0;0.0;0.0;0.0;0.0;0.0;0.0;0.0;0.0;6.83;7.98804
56.0;0.10279;1.15196;1.0;1.0;0.54;4.83;2.19;0.93;8.49;2.0;0.0;0.0;0.0;1.0;0.0;0.0;0.0;1.2;0.0;0.0;0.0;2.5;0.0;0.0;0.0;1.305;6.94256;1.39443;0.0;3.47221;6.94256;2.82288;4.5;-0.54;-4.83;-2.19;-0.93;0.0;0.0;0.0;0.0;0.54;4.83;2.19;0.93;0.0;0.0;0.0;0.0;0.0;0.0;0.0;0.0;0.0;0.0;0.0;0.0;0.0;0.0;8.49;9.64196
57.0;0.10398;1.07994;1.0;1.0;0.96;4.96;2.7;0.57;9.19;2.0;0.0;0.0;0.0;1.0;0.0;0.0;0.0;1.2;0.0;0.0;0.0;2.5;0.0;0.0;0.0;1.305;6.94256;1.98791;0.0;3.47221;6.94256;2.82288;4.5;-0.945;-4.945;-2.7;-0.5655;0.0;0.0;0.0;0.0;0.96;4.96;2.7;0.57;0.0;0.0;0.0;0.0;0.0;0.0;0.0;0.0;0.015;0.015;0.0;0.0045;0.0345;0.0;9.19;10.26994
58.0;0.10409;1.12666;1.0;1.0;1.14;5.06;3.06;0.33;9.59;2.0;0.0;0.0;0.0;1.0;0.0;0.0;0.0;1.2;0.0;0.0;0.0;2.5;0.0;0.0;0.0;1.215;6.94256;2.04163;0.0;3.47221;6.94256;2.82288;4.5;-0.915;-4.835;-3.06;-0.2625;0.0;0.0;0.0;0.0;1.14;5.06;3.06;0.33;0.0;0.0;0.0;0.0;0.0;0.0;0.0;0.0;0.225;0.225;0.0;0.0675;0.5175;0.0;9.59;10.71666
59.0;0.1033;1.17006;1.0;1.0;1.35;4.59;3.51;0.18;9.63;2.0;0.0;0.0;0.0;1.0;0.0;0.0;0.0;1.2;0.0;0.0;0.0;2.5;0.0;0.0;0.0;1.035;6.94256;1.64952;0.0;3.47221;6.94256;2.82288;4.5;-0.84;-4.08;-3.51;-0.027;0.0;0.0;0.0;0.0;1.35;4.59;3.51;0.18;0.0;0.0;0.0;0.0;0.0;0.0;0.0;0.0;0.51;0.51;0.0;0.153;1.173;0.0;9.63;10.80006
60.0;0.10306;1.22378;1.0;1.0;1.17;4.42;3.9;0.21;9.7;2.0;0.0;0.0;0.0;1.0;0.0;0.0;0.0;1.2;0.0;0.0;0.0;2.5;0.0;0.0;0.0;0.9;6.94256;1.52875;0.0;3.47221;6.94256;2.82288;4.5;-0.495;-3.745;-3.9;-0.0075;0.0;0.0;0.0;0.0;1.17;4.42;3.9;0.21;0.0;0.0;0.0;0.0;0.0;0.0;0.0;0.0;0.675;0.675;0.0;0.2025;1.5525;0.0;9.7;10.92378
61.0;0.10457;1.25303;1.0;1.0;1.41;4.86;4.17;0.24;10.68;2.0;0.0;0.0;0.0;1.0;0.0;0.0;0.0;1.2;0.0;0.0;0.0;2.5;0.0;0.0;0.0;0.81;6.94256;2.28299;0.0;3.47221;6.94256;2.82288;4.5;-0.585;-4.035;-4.17;0.0075;0.0;0.0;0.0;0.0;1.41;4.86;4.17;0.24;0.0;0.0;0.0;0.0;0.0;0.0;0.0;0.0;0.825;0.825;0.0;0.2475;1.8975;0.0;10.68;11.93303
62.0;0.10474;1.0422;1.0;1.0;1.65;5.49;3.75;0.3;11.19;2.0;0.0;0.0;0.0;1.0;0.0;0.0;0.0;1.2;0.0;0.0;0.0;2.5;0.0;0.0;0.0;0.855;6.94256;2.36466;0.0;3.47221;6.94256;2.82288;4.5;-0.75;-4.59;-3.75;-0.03;0.0;0.0;0.0;0.0;1.65;5.49;3.75;0.3;0.0;0.0;0.0;0.0;0.0;0.0;0.0;0.0;0.9;0.9;0.0;0.27;2.07;0.0;11.19;12.2322
63.0;0.10216;1.1416;1.0;1.0;1.5;4.95;3.18;0.18;9.81;2.0;0.0;0.0;0.0;1.0;0.0;0.0;0.0;1.2;0.0;0.0;0.0;2.5;0.0;0.0;0.0;1.035;6.94256;1.07657;0.0;3.47221;6.94256;2.82288;4.5;-0.675;-4.125;-3.18;0.0675;0.0;0.0;0.0;0.0;1.5;4.95;3.18;0.18;0.0;0.0;0.0;0.0;0.0;0.0;0.0;0.0;0.825;0.825;0.0;0.2475;1.8975;0.0;9.81;10.9516
64.0;0.10209;1.14492;1.0;1.0;1.17;5.28;2.82;0.18;9.45;2.0;0.0;0.0;0.0;1.0;0.0;0.0;0.0;1.2;0.0;0.0;0.0;2.5;0.0;0.0;0.0;1.125;6.94256;1.04388;0.0;3.47221;6.94256;2.82288;4.5;-0.525;-4.635;-2.82;0.0135;0.0;0.0;0.0;0.0;1.17;5.28;2.82;0.18;0.0;0.0;0.0;0.0;0.0;0.0;0.0;0.0;0.645;0.645;0.0;0.1935;1.4835;0.0;9.45;10.59492
65.0;0.10605;1.09201;1.0;1.0;3.18;4.91;2.46;0.54;11.09;2.0;0.0;0.0;0.0;1.0;0.0;0.0;0.0;1.2;0.0;0.0;0.0;2.5;0.0;0.0;0.0;1.215;6.94256;3.02397;0.0;3.47221;6.94256;2.82288;4.5;-2.745;-4.475;-2.46;-0.4095;0.0;0.0;0.0;0.0;3.18;4.91;2.46;0.54;0.0;0.0;0.0;0.0;0.0;0.0;0.0;0.0;0.435;0.435;0.0;0.1305;1.0005;0.0;11.09;12.18201
66.0;0.10546;1.11908;1.0;1.0;2.49;4.57;2.13;1.14;10.33;2.0;0.0;0.0;0.0;1.0;0.0;0.0;0.0;1.2;0.0;0.0;0.0;2.5;0.0;0.0;0.0;1.26;6.94256;2.72904;0.0;3.47221;6.94256;2.82288;4.5;-2.265;-4.345;-2.13;-1.0725;0.0;0.0;0.0;0.0;2.49;4.57;2.13;1.14;0.0;0.0;0.0;0.0;0.0;0.0;0.0;0.0;0.225;0.225;0.0;0.0675;0.5175;0.0;10.33;11.44908
67.0;0.15233;1.1389;1.0;1.0;2.67;4.9;2.91;1.35;11.83;2.0;0.0;0.0;0.0;1.0;0.0;0.0;0.0;1.2;0.0;0.0;0.0;2.5;0.0;0.0;0.0;1.305;6.94256;3.47221;1.14595;3.47221;6.94256;2.82288;4.5;-2.625;-4.855;-2.91;-1.3365;0.0;0.0;0.0;0.0;2.67;4.9;2.91;1.35;0.0;0.0;0.0;0.0;0.0;0.0;0.0;0.0;0.045;0.045;0.0;0.0135;0.1035;0.0;11.83;12.9689
68.0;0.15243;1.16684;1.0;1.0;3.42;4.07;3.36;0.9;11.75;2.0;0.0;0.0;0.0;1.0;0.0;0.0;0.0;1.2;0.0;0.0;0.0;2.5;0.0;0.0;0.0;1.305;6.94256;3.47221;1.19739;3.47221;6.94256;2.82288;4.5;-3.42;-4.07;-3.36;-0.9;0.0;0.0;0.0;0.0;3.42;4.07;3.36;0.9;0.0;0.0;0.0;0.0;0.0;0.0;0.0;0.0;0.0;0.0;0.0;0.0;0.0;0.0;11.75;12.91684
69.0;0.1045;0.9269;1.0;1.0;2.61;3.81;2.22;0.93;9.57;2.0;0.0;0.0;0.0;1.0;0.0;0.0;0.0;1.2;0.0;0.0;0.0;2.5;0.0;0.0;0.0;1.305;6.94256;2.24937;0.0;3.47221;6.94256;2.82288;4.5;-2.61;-3.81;-2.22;-0.93;0.0;0.0;0.0;0.0;2.61;3.81;2.22;0.93;0.0;0.0;0.0;0.0;0.0;0.0;0.0;0.0;0.0;0.0;0.0;0.0;0.0;0.0;9.57;10.4969
70.0;0.10196;0.95412;1.0;1.0;2.37;4.19;1.41;0.3;8.27;2.0;0.0;0.0;0.0;1.0;0.0;0.0;0.0;1.2;0.0;0.0;0.0;2.5;0.0;0.0;0.0;1.305;6.94256;0.97658;0.0;3.47221;6.94256;2.82288;4.5;-2.37;-4.19;-1.41;-0.3;0.0;0.0;0.0;0.0;2.37;4.19;1.41;0.3;0.0;0.0;0.0;0.0;0.0;0.0;0.0;0.0;0.0;0.0;0.0;0.0;0.0;0.0;8.27;9.22412
71.0;0.09077;1.02464;1.0;1.0;1.98;3.59;0.87;0.15;6.59;2.0;0.0;0.0;0.0;1.0;0.0;0.0;0.0;1.2;0.0;0.0;0.0;2.5;0.0;0.0;0.0;1.305;6.30964;0.0;0.0;3.47221;6.94256;2.82288;4.5;-1.98;-3.59;-0.87;-0.15;0.0;0.0;0.0;0.0;1.98;3.59;0.87;0.15;0.0;0.0;0.0;0.0;0.0;0.0;0.0;0.0;0.0;0.0;0.0;0.0;0.0;0.0;6.59;7.61464
72.0;0.08927;1.10829;1.0;1.0;1.53;3.67;0.54;0.12;5.86;2.0;0.0;0.0;0.0;1.0;0.0;0.0;0.0;1.2;0.0;0.0;0.0;2.5;0.0;0.0;0.0;1.26;5.70829;0.0;0.0;3.47221;6.94256;2.82288;4.5;-1.53;-3.67;-0.54;-0.12;0.0;0.0;0.0;0.0;1.53;3.67;0.54;0.12;0.0;0.0;0.0;0.0;0.0;0.0;0.0;0.0;0.0;0.0;0.0;0.0;0.0;0.0;5.86;6.96829
73.0;0.0875;1.18196;1.0;1.0;1.14;3.31;0.15;0.12;4.72;2.0;0.0;0.0;0.0;1.0;0.0;0.0;0.0;1.2;0.0;0.0;0.0;2.5;0.0;0.0;0.0;0.9;5.00196;0.0;0.0;3.47221;6.94256;2.82288;4.5;-1.14;-3.31;-0.15;-0.12;0.0;0.0;0.0;0.0;1.14;3.31;0.15;0.12;0.0;0.0;0.0;0.0;0.0;0.0;0.0;0.0;0.0;0.0;0.0;0.0;0.0;0.0;4.72;5.90196
74.0;0.08499;1.16435;1.0;1.0;0.27;3.25;0.15;0.06;3.73;2.0;0.0;0.0;0.0;1.0;0.0;0.0;0.0;1.2;0.0;0.0;0.0;2.5;0.0;0.0;0.0;0.9;3.99435;0.0;0.0;3.47221;6.94256;2.82288;4.5;-0.27;-3.25;-0.15;-0.06;0.0;0.0;0.0;0.0;0.27;3.25;0.15;0.06;0.0;0.0;0.0;0.0;0.0;0.0;0.0;0.0;0.0;0.0;0.0;0.0;0.0;0.0;3.73;4.89435
75.0;0.08476;1.16373;1.0;1.0;0.24;3.25;0.15;0.09;3.73;2.0;0.0;0.0;0.0;1.0;0.0;0.0;0.0;1.2;0.0;0.0;0.0;2.5;0.0;0.0;0.0;0.99;3.90373;0.0;0.0;3.47221;6.94256;2.82288;4.5;-0.24;-3.25;-0.15;-0.09;0.0;0.0;0.0;0.0;0.24;3.25;0.15;0.09;0.0;0.0;0.0;0.0;0.0;0.0;0.0;0.0;0.0;0.0;0.0;0.0;0.0;0.0;3.73;4.89373
76.0;0.08504;1.1396;1.0;1.0;0.21;3.46;0.15;0.09;3.91;2.0;0.0;0.0;0.0;1.0;0.0;0.0;0.0;1.2;0.0;0.0;0.0;2.5;0.0;0.0;0.0;1.035;4.0146;0.0;0.0;3.47221;6.94256;2.82288;4.5;-0.21;-3.46;-0.15;-0.09;0.0;0.0;0.0;0.0;0.21;3.46;0.15;0.09;0.0;0.0;0.0;0.0;0.0;0.0;0.0;0.0;0.0;0.0;0.0;0.0;0.0;0.0;3.91;5.0496
77.0;0.08726;1.15421;1.0;1.0;0.15;4.32;0.27;0.09;4.83;2.0;0.0;0.0;0.0;1.0;0.0;0.0;0.0;1.2;0.0;0.0;0.0;2.5;0.0;0.0;0.0;1.08;4.90421;0.0;0.0;3.47221;6.94256;2.82288;4.5;-0.15;-4.32;-0.27;-0.09;0.0;0.0;0.0;0.0;0.15;4.32;0.27;0.09;0.0;0.0;0.0;0.0;0.0;0.0;0.0;0.0;0.0;0.0;0.0;0.0;0.0;0.0;4.83;5.98421
78.0;0.08902;1.22773;1.0;1.0;0.15;4.56;0.6;0.15;5.46;2.0;0.0;0.0;0.0;1.0;0.0;0.0;0.0;1.2;0.0;0.0;0.0;2.5;0.0;0.0;0.0;1.08;5.60773;0.0;0.0;3.47221;6.94256;2.82288;4.5;-0.15;-4.56;-0.6;-0.15;0.0;0.0;0.0;0.0;0.15;4.56;0.6;0.15;0.0;0.0;0.0;0.0;0.0;0.0;0.0;0.0;0.0;0.0;0.0;0.0;0.0;0.0;5.46;6.68773
79.0;0.10073;1.35099;1.0;1.0;0.3;4.79;1.59;0.39;7.07;2.0;0.0;0.0;0.0;1.0;0.0;0.0;0.0;1.2;0.0;0.0;0.0;2.5;0.0;0.0;0.0;1.08;6.94256;0.36396;0.0;3.47221;6.94256;2.82288;4.5;-0.285;-4.775;-1.59;-0.3855;0.0;0.0;0.0;0.0;0.3;4.79;1.59;0.39;0.0;0.0;0.0;0.0;0.0;0.0;0.0;0.0;0.015;0.015;0.0;0.0045;0.0345;0.0;7.07;8.42099
80.0;0.10595;1.46752;1.0;1.0;0.66;5.33;2.64;0.93;9.56;2.0;0.0;0.0;0.0;1.0;0.0;0.0;0.0;1.2;0.0;0.0;0.0;2.5;0.0;0.0;0.0;1.08;6.94256;2.97049;0.0;3.47221;6.94256;2.82288;4.5;-0.645;-5.315;-2.64;-0.9255;0.0;0.0;0.0;0.0;0.66;5.33;2.64;0.93;0.0;0.0;0.0;0.0;0.0;0.0;0.0;0.0;0.015;0.015;0.0;0.0045;0.0345;0.0;9.56;11.02752
81.0;0.1062;1.30906;1.0;1.0;0.93;5.03;3.24;0.6;9.8;2.0;0.0;0.0;0.0;1.0;0.0;0.0;0.0;1.2;0.0;0.0;0.0;2.5;0.0;0.0;0.0;1.035;6.94256;3.09702;0.0;3.47221;6.94256;2.82288;4.5;-0.915;-5.015;-3.24;-0.5955;0.0;0.0;0.0;0.0;0.93;5.03;3.24;0.6;0.0;0.0;0.0;0.0;0.0;0.0;0.0;0.0;0.015;0.015;0.0;0.0045;0.0345;0.0;9.8;11.10906
82.0;0.10627;1.44164;1.0;1.0;1.17;5.15;3.48;0.27;10.07;2.0;0.0;0.0;0.0;1.0;0.0;0.0;0.0;1.2;0.0;0.0;0.0;2.5;0.0;0.0;0.0;0.99;6.94256;3.13061;0.0;3.47221;6.94256;2.82288;4.5;-0.975;-4.955;-3.48;-0.2115;0.0;0.0;0.0;0.0;1.17;5.15;3.48;0.27;0.0;0.0;0.0;0.0;0.0;0.0;0.0;0.0;0.195;0.195;0.0;0.0585;0.4485;0.0;10.07;11.51164
83.0;0.10372;1.26162;1.0;1.0;1.38;4.28;3.6;0.18;9.44;2.0;0.0;0.0;0.0;1.0;0.0;0.0;0.0;1.2;0.0;0.0;0.0;2.5;0.0;0.0;0.0;0.9;6.94256;1.85859;0.0;3.47221;6.94256;2.82288;4.5;-0.945;-3.845;-3.6;-0.0495;0.0;0.0;0.0;0.0;1.38;4.28;3.6;0.18;0.0;0.0;0.0;0.0;0.0;0.0;0.0;0.0;0.435;0.435;0.0;0.1305;1.0005;0.0;9.44;10.70162
84.0;0.10421;1.20503;1.0;1.0;1.17;4.73;3.9;0.21;10.01;2.0;0.0;0.0;0.0;1.0;0.0;0.0;0.0;1.2;0.0;0.0;0.0;2.5;0.0;0.0;0.0;0.72;6.94256;2.1035;0.0;3.47221;6.94256;2.82288;4.5;-0.54;-4.1;-3.9;-0.021;0.0;0.0;0.0;0.0;1.17;4.73;3.9;0.21;0.0;0.0;0.0;0.0;0.0;0.0;0.0;0.0;0.63;0.63;0.0;0.189;1.449;0.0;10.01;11.21503
85.0;0.10683;1.1306;1.0;1.0;1.35;5.65;3.93;0.24;11.17;2.0;0.0;0.0;0.0;1.0;0.0;0.0;0.0;1.2;0.0;0.0;0.0;2.5;0.0;0.0;0.0;0.495;6.94256;3.41407;0.0;3.47221;6.94256;2.82288;4.5;-0.72;-5.02;-3.93;-0.051;0.0;0.0;0.0;0.0;1.35;5.65;3.93;0.24;0.0;0.0;0.0;0.0;0.0;0.0;0.0;0.0;0.63;0.63;0.0;0.189;1.449;0.0;11.17;12.3006
86.0;0.15088;1.30865;1.0;1.0;1.92;5.55;3.81;0.3;11.58;2.0;0.0;0.0;0.0;1.0;0.0;0.0;0.0;1.2;0.0;0.0;0.0;2.5;0.0;0.0;0.0;0.36;6.94256;3.47221;0.4237;3.47221;6.94256;2.82288;4.5;-1.185;-4.815;-3.81;-0.0795;0.0;0.0;0.0;0.0;1.92;5.55;3.81;0.3;0.0;0.0;0.0;0.0;0.0;0.0;0.0;0.0;0.735;0.735;0.0;0.2205;1.6905;0.0;11.58;12.88865
87.0;0.10303;1.2727;1.0;1.0;1.41;4.58;3.12;0.18;9.29;2.0;0.0;0.0;0.0;1.0;0.0;0.0;0.0;1.2;0.0;0.0;0.0;2.5;0.0;0.0;0.0;0.315;6.94256;1.51117;0.0;3.47221;6.94256;2.82288;4.5;-0.63;-3.8;-3.12;0.054;0.0;0.0;0.0;0.0;1.41;4.58;3.12;0.18;0.0;0.0;0.0;0.0;0.0;0.0;0.0;0.0;0.78;0.78;0.0;0.234;1.794;0.0;9.29;10.5627
88.0;0.10252;1.15009;1.0;1.0;1.17;4.8;2.94;0.18;9.09;2.0;0.0;0.0;0.0;1.0;0.0;0.0;0.0;1.2;0.0;0.0;0.0;2.5;0.0;0.0;0.0;0.315;6.94256;1.25756;0.0;3.47221;6.94256;2.82288;4.5;-0.42;-4.05;-2.94;0.045;0.0;0.0;0.0;0.0;1.17;4.8;2.94;0.18;0.0;0.0;0.0;0.0;0.0;0.0;0.0;0.0;0.75;0.75;0.0;0.225;1.725;0.0;9.09;10.24009
89.0;0.15085;1.27805;1.0;1.0;2.79;5.42;2.67;0.54;11.42;2.0;0.0;0.0;0.0;1.0;0.0;0.0;0.0;1.2;0.0;0.0;0.0;2.5;0.0;0.0;0.0;0.36;6.94256;3.47221;0.4056;3.47221;6.94256;2.82288;4.5;-2.13;-4.76;-2.67;-0.342;0.0;0.0;0.0;0.0;2.79;5.42;2.67;0.54;0.0;0.0;0.0;0.0;0.0;0.0;0.0;0.0;0.66;0.66;0.0;0.198;1.518;0.0;11.42;12.69805
90.0;0.1502;1.24725;1.0;1.0;2.64;5.0;1.98;1.32;10.94;2.0;0.0;0.0;0.0;1.0;0.0;0.0;0.0;1.2;0.0;0.0;0.0;2.5;0.0;0.0;0.0;0.45;6.94256;3.47221;0.0808;3.47221;6.94256;2.82288;4.5;-2.1;-4.46;-1.98;-1.158;0.0;0.0;0.0;0.0;2.64;5.0;1.98;1.32;0.0;0.0;0.0;0.0;0.0;0.0;0.0;0.0;0.54;0.54;0.0;0.162;1.242;0.0;10.94;12.18725
91.0;0.15166;1.28515;1.0;1.0;2.46;5.34;2.46;1.23;11.49;2.0;0.0;0.0;0.0;1.0;0.0;0.0;0.0;1.2;0.0;0.0;0.0;2.5;0.0;0.0;0.0;0.72;6.94256;3.47221;0.8127;3.47221;6.94256;2.82288;4.5;-2.1;-4.98;-2.46;-1.122;0.0;0.0;0.0;0.0;2.46;5.34;2.46;1.23;0.0;0.0;0.0;0.0;0.0;0.0;0.0;0.0;0.36;0.36;0.0;0.108;0.828;0.0;11.49;12.77515
92.0;0.15278;1.02426;1.0;1.0;3.51;4.41;3.3;0.9;12.12;2.0;0.0;0.0;0.0;1.0;0.0;0.0;0.0;1.2;0.0;0.0;0.0;2.5;0.0;0.0;0.0;0.945;6.94256;3.47221;1.37081;3.47221;6.94256;2.82288;4.5;-3.33;-4.23;-3.3;-0.846;0.0;0.0;0.0;0.0;3.51;4.41;3.3;0.9;0.0;0.0;0.0;0.0;0.0;0.0;0.0;0.0;0.18;0.18;0.0;0.054;0.414;0.0;12.12;13.14426
93.0;0.10518;0.78729;1.0;1.0;2.61;4.1;2.4;0.87;9.98;2.0;0.0;0.0;0.0;1.0;0.0;0.0;0.0;1.2;0.0;0.0;0.0;2.5;0.0;0.0;0.0;1.17;6.94256;2.58575;0.0;3.47221;6.94256;2.82288;4.5;-2.58;-4.07;-2.4;-0.861;0.0;0.0;0.0;0.0;2.61;4.1;2.4;0.87;0.0;0.0;0.0;0.0;0.0;0.0;0.0;0.0;0.03;0.03;0.0;0.009;0.069;0.0;9.98;10.76729
94.0;0.10171;0.86018;1.0;1.0;2.64;3.65;1.59;0.27;8.15;2.0;0.0;0.0;0.0;1.0;0.0;0.0;0.0;1.2;0.0;0.0;0.0;2.5;0.0;0.0;0.0;1.215;6.94256;0.85264;0.0;3.47221;6.94256;2.82288;4.5;-2.64;-3.65;-1.59;-0.27;0.0;0.0;0.0;0.0;2.64;3.65;1.59;0.27;0.0;0.0;0.0;0.0;0.0;0.0;0.0;0.0;0.0;0.0;0.0;0.0;0.0;0.0;8.15;9.01018
95.0;0.0918;1.04367;1.0;1.0;1.89;3.92;0.93;0.15;6.89;2.0;0.0;0.0;0.0;1.0;0.0;0.0;0.0;1.2;0.0;0.0;0.0;2.5;0.0;0.0;0.0;1.215;6.71867;0.0;0.0;3.47221;6.94256;2.82288;4.5;-1.89;-3.92;-0.93;-0.15;0.0;0.0;0.0;0.0;1.89;3.92;0.93;0.15;0.0;0.0;0.0;0.0;0.0;0.0;0.0;0.0;0.0;0.0;0.0;0.0;0.0;0.0;6.89;7.93367
96.0;0.0896;1.11959;1.0;1.0;1.35;3.85;0.57;0.12;5.89;2.0;0.0;0.0;0.0;1.0;0.0;0.0;0.0;1.2;0.0;0.0;0.0;2.5;0.0;0.0;0.0;1.17;5.83959;0.0;0.0;3.47221;6.94256;2.82288;4.5;-1.35;-3.85;-0.57;-0.12;0.0;0.0;0.0;0.0;1.35;3.85;0.57;0.12;0.0;0.0;0.0;0.0;0.0;0.0;0.0;0.0;0.0;0.0;0.0;0.0;0.0;0.0;5.89;7.00959
97.0;0.08568;1.1455;1.0;1.0;1.23;3.56;0.15;0.12;5.06;2.0;0.0;0.0;0.0;1.0;0.0;0.0;0.0;1.2;0.0;0.0;0.0;2.5;0.0;0.0;0.0;1.935;4.2705;0.0;0.0;3.47221;6.94256;2.82288;4.5;-1.23;-3.56;-0.15;-0.12;0.0;0.0;0.0;0.0;1.23;3.56;0.15;0.12;0.0;0.0;0.0;0.0;0.0;0.0;0.0;0.0;0.0;0.0;0.0;0.0;0.0;0.0;5.06;6.2055
98.0;0.08251;1.1443;1.0;1.0;0.27;3.36;0.15;0.06;3.84;2.0;0.0;0.0;0.0;1.0;0.0;0.0;0.0;1.2;0.0;0.0;0.0;2.5;0.0;0.0;0.0;1.98;3.0043;0.0;0.0;3.47221;6.94256;2.82288;4.5;-0.27;-3.36;-0.15;-0.06;0.0;0.0;0.0;0.0;0.27;3.36;0.15;0.06;0.0;0.0;0.0;0.0;0.0;0.0;0.0;0.0;0.0;0.0;0.0;0.0;0.0;0.0;3.84;4.9843
99.0;0.08172;1.1288;1.0;1.0;0.24;3.06;0.15;0.09;3.54;2.0;0.0;0.0;0.0;1.0;0.0;0.0;0.0;1.2;0.0;0.0;0.0;2.5;0.0;0.0;0.0;1.98;2.6888;0.0;0.0;3.47221;6.94256;2.82288;4.5;-0.24;-3.06;-0.15;-0.09;0.0;0.0;0.0;0.0;0.24;3.06;0.15;0.09;0.0;0.0;0.0;0.0;0.0;0.0;0.0;0.0;0.0;0.0;0.0;0.0;0.0;0.0;3.54;4.6688
100.0;0.08107;1.13629;1.0;1.0;0.21;2.91;0.15;0.09;3.36;2.0;0.0;0.0;0.0;1.0;0.0;0.0;0.0;1.2;0.0;0.0;0.0;2.5;0.0;0.0;0.0;2.07;2.42629;0.0;0.0;3.47221;6.94256;2.82288;4.5;-0.21;-2.91;-0.15;-0.09;0.0;0.0;0.0;0.0;0.21;2.91;0.15;0.09;0.0;0.0;0.0;0.0;0.0;0.0;0.0;0.0;0.0;0.0;0.0;0.0;0.0;0.0;3.36;4.49629
101.0;0.08456;1.13728;1.0;1.0;0.15;4.26;0.3;0.09;4.8;2.0;0.0;0.0;0.0;1.0;0.0;0.0;0.0;1.2;0.0;0.0;0.0;2.5;0.0;0.0;0.0;2.115;3.82228;0.0;0.0;3.47221;6.94256;2.82288;4.5;-0.15;-4.26;-0.3;-0.09;0.0;0.0;0.0;0.0;0.15;4.26;0.3;0.09;0.0;0.0;0.0;0.0;0.0;0.0;0.0;0.0;0.0;0.0;0.0;0.0;0.0;0.0;4.8;5.93728
102.0;0.086;1.21314;1.0;1.0;0.15;4.4;0.6;0.15;5.3;2.0;0.0;0.0;0.0;1.0;0.0;0.0;0.0;1.2;0.0;0.0;0.0;2.5;0.0;0.0;0.0;2.115;4.39814;0.0;0.0;3.47221;6.94256;2.82288;4.5;-0.15;-4.4;-0.6;-0.15;0.0;0.0;0.0;0.0;0.15;4.4;0.6;0.15;0.0;0.0;0.0;0.0;0.0;0.0;0.0;0.0;0.0;0.0;0.0;0.0;0.0;0.0;5.3;6.51314
103.0;0.09197;1.34144;1.0;1.0;0.33;5.19;1.59;0.45;7.56;2.0;0.0;0.0;0.0;1.0;0.0;0.0;0.0;1.2;0.0;0.0;0.0;2.5;0.0;0.0;0.0;2.115;6.78644;0.0;0.0;3.47221;6.94256;2.82288;4.5;-0.33;-5.19;-1.59;-0.45;0.0;0.0;0.0;0.0;0.33;5.19;1.59;0.45;0.0;0.0;0.0;0.0;0.0;0.0;0.0;0.0;0.0;0.0;0.0;0.0;0.0;0.0;7.56;8.90144
104.0;0.10163;1.44193;1.0;1.0;0.6;4.53;2.55;0.84;8.52;2.0;0.0;0.0;0.0;1.0;0.0;0.0;0.0;1.2;0.0;0.0;0.0;2.5;0.0;0.0;0.0;2.205;6.94256;0.8144;0.0;3.47221;6.94256;2.82288;4.5;-0.6;-4.53;-2.55;-0.84;0.0;0.0;0.0;0.0;0.6;4.53;2.55;0.84;0.0;0.0;0.0;0.0;0.0;0.0;0.0;0.0;0.0;0.0;0.0;0.0;0.0;0.0;8.52;9.96193
105.0;0.10294;1.35719;1.0;1.0;0.99;4.86;2.85;0.57;9.27;2.0;0.0;0.0;0.0;1.0;0.0;0.0;0.0;1.2;0.0;0.0;0.0;2.5;0.0;0.0;0.0;2.115;6.94256;1.46615;0.0;3.47221;6.94256;2.82288;4.5;-0.945;-4.815;-2.85;-0.5565;0.0;0.0;0.0;0.0;0.99;4.86;2.85;0.57;0.0;0.0;0.0;0.0;0.0;0.0;0.0;0.0;0.045;0.045;0.0;0.0135;0.1035;0.0;9.27;10.62719
106.0;0.10279;1.45156;1.0;1.0;1.11;4.69;3.42;0.3;9.52;2.0;0.0;0.0;0.0;1.0;0.0;0.0;0.0;1.2;0.0;0.0;0.0;2.5;0.0;0.0;0.0;1.98;6.94256;1.39353;0.0;3.47221;6.94256;2.82288;4.5;-0.825;-4.405;-3.42;-0.2145;0.0;0.0;0.0;0.0;1.11;4.69;3.42;0.3;0.0;0.0;0.0;0.0;0.0;0.0;0.0;0.0;0.285;0.285;0.0;0.0855;0.6555;0.0;9.52;10.97156
107.0;0.10193;1.37924;1.0;1.0;1.59;4.3;3.6;0.18;9.67;2.0;0.0;0.0;0.0;1.0;0.0;0.0;0.0;1.2;0.0;0.0;0.0;2.5;0.0;0.0;0.0;1.8;6.94256;0.96121;0.0;3.47221;6.94256;2.82288;4.5;-1.005;-3.715;-3.6;-0.0045;0.0;0.0;0.0;0.0;1.59;4.3;3.6;0.18;0.0;0.0;0.0;0.0;0.0;0.0;0.0;0.0;0.585;0.585;0.0;0.1755;1.3455;0.0;9.67;11.04924
108.0;0.10239;1.14353;1.0;1.0;1.17;4.77;3.96;0.21;10.11;2.0;0.0;0.0;0.0;1.0;0.0;0.0;0.0;1.2;0.0;0.0;0.0;2.5;0.0;0.0;0.0;1.395;6.94256;1.191;0.0;3.47221;6.94256;2.82288;4.5;-0.42;-4.02;-3.96;0.015;0.0;0.0;0.0;0.0;1.17;4.77;3.96;0.21;0.0;0.0;0.0;0.0;0.0;0.0;0.0;0.0;0.75;0.75;0.0;0.225;1.725;0.0;10.11;11.25353
109.0;0.10526;1.36668;1.0;1.0;1.53;5.11;3.69;0.24;10.57;2.0;0.0;0.0;0.0;1.0;0.0;0.0;0.0;1.2;0.0;0.0;0.0;2.5;0.0;0.0;0.0;0.675;6.94256;2.62864;0.0;3.47221;6.94256;2.82288;4.5;-0.795;-4.375;-3.69;-0.0195;0.0;0.0;0.0;0.0;1.53;5.11;3.69;0.24;0.0;0.0;0.0;0.0;0.0;0.0;0.0;0.0;0.735;0.735;0.0;0.2205;1.6905;0.0;10.57;11.93668
110.0;0.10655;1.26111;1.0;1.0;1.86;5.26;3.93;0.27;11.32;2.0;0.0;0.0;0.0;1.0;0.0;0.0;0.0;1.2;0.0;0.0;0.0;2.5;0.0;0.0;0.0;0.54;6.94256;3.27007;0.0;3.47221;6.94256;2.82288;4.5;-1.065;-4.465;-3.93;-0.0315;0.0;0.0;0.0;0.0;1.86;5.26;3.93;0.27;0.0;0.0;0.0;0.0;0.0;0.0;0.0;0.0;0.795;0.795;0.0;0.2385;1.8285;0.0;11.32;12.58111
111.0;0.10384;1.31995;1.0;1.0;1.62;4.62;3.51;0.18;9.93;2.0;0.0;0.0;0.0;1.0;0.0;0.0;0.0;1.2;0.0;0.0;0.0;2.5;0.0;0.0;0.0;0.495;6.94256;1.91491;0.0;3.47221;6.94256;2.82288;4.5;-0.795;-3.795;-3.51;0.0675;0.0;0.0;0.0;0.0;1.62;4.62;3.51;0.18;0.0;0.0;0.0;0.0;0.0;0.0;0.0;0.0;0.825;0.825;0.0;0.2475;1.8975;0.0;9.93;11.24995
112.0;0.10172;1.39416;1.0;1.0;1.17;4.51;2.88;0.18;8.74;2.0;0.0;0.0;0.0;1.0;0.0;0.0;0.0;1.2;0.0;0.0;0.0;2.5;0.0;0.0;0.0;0.54;6.94256;0.85763;0.0;3.47221;6.94256;2.82288;4.5;-0.39;-3.73;-2.88;0.054;0.0;0.0;0.0;0.0;1.17;4.51;2.88;0.18;0.0;0.0;0.0;0.0;0.0;0.0;0.0;0.0;0.78;0.78;0.0;0.234;1.794;0.0;8.74;10.13416
113.0;0.1513;1.29455;1.0;1.0;3.21;5.19;2.91;0.48;11.79;2.0;0.0;0.0;0.0;1.0;0.0;0.0;0.0;1.2;0.0;0.0;0.0;2.5;0.0;0.0;0.0;0.45;6.94256;3.47221;0.6331;3.47221;6.94256;2.82288;4.5;-2.52;-4.5;-2.91;-0.273;0.0;0.0;0.0;0.0;3.21;5.19;2.91;0.48;0.0;0.0;0.0;0.0;0.0;0.0;0.0;0.0;0.69;0.69;0.0;0.207;1.587;0.0;11.79;13.08455
114.0;0.10556;1.26017;1.0;1.0;2.43;4.58;1.95;1.26;10.22;2.0;0.0;0.0;0.0;1.0;0.0;0.0;0.0;1.2;0.0;0.0;0.0;2.5;0.0;0.0;0.0;0.45;6.94256;2.77664;0.0;3.47221;6.94256;2.82288;4.5;-1.86;-4.01;-1.95;-1.089;0.0;0.0;0.0;0.0;2.43;4.58;1.95;1.26;0.0;0.0;0.0;0.0;0.0;0.0;0.0;0.0;0.57;0.57;0.0;0.171;1.311;0.0;10.22;11.48017
115.0;0.1528;1.214;1.0;1.0;2.79;5.43;2.55;1.32;12.09;2.0;0.0;0.0;0.0;1.0;0.0;0.0;0.0;1.2;0.0;0.0;0.0;2.5;0.0;0.0;0.0;0.54;6.94256;3.47221;1.38355;3.47221;6.94256;2.82288;4.5;-2.37;-5.01;-2.55;-1.194;0.0;0.0;0.0;0.0;2.79;5.43;2.55;1.32;0.0;0.0;0.0;0.0;0.0;0.0;0.0;0.0;0.42;0.42;0.0;0.126;0.966;0.0;12.09;13.304
116.0;0.15205;1.11765;1.0;1.0;3.12;4.4;3.15;0.96;11.63;2.0;0.0;0.0;0.0;1.0;0.0;0.0;0.0;1.2;0.0;0.0;0.0;2.5;0.0;0.0;0.0;0.81;6.94256;3.47221;1.0057;3.47221;6.94256;2.82288;4.5;-2.895;-4.175;-3.15;-0.8925;0.0;0.0;0.0;0.0;3.12;4.4;3.15;0.96;0.0;0.0;0.0;0.0;0.0;0.0;0.0;0.0;0.225;0.225;0.0;0.0675;0.5175;0.0;11.63;12.74765
117.0;0.10682;1.02705;1.0;1.0;2.61;4.13;2.64;0.9;10.28;2.0;0.0;0.0;0.0;1.0;0.0;0.0;0.0;1.2;0.0;0.0;0.0;2.5;0.0;0.0;0.0;0.855;6.94256;3.40601;0.0;3.47221;6.94256;2.82288;4.5;-2.565;-4.085;-2.64;-0.8865;0.0;0.0;0.0;0.0;2.61;4.13;2.64;0.9;0.0;0.0;0.0;0.0;0.0;0.0;0.0;0.0;0.045;0.045;0.0;0.0135;0.1035;0.0;10.28;11.30705
118.0;0.10272;0.95984;1.0;1.0;2.43;3.89;1.5;0.33;8.15;2.0;0.0;0.0;0.0;1.0;0.0;0.0;0.0;1.2;0.0;0.0;0.0;2.5;0.0;0.0;0.0;0.81;6.94256;1.3573;0.0;3.47221;6.94256;2.82288;4.5;-2.43;-3.89;-1.5;-0.33;0.0;0.0;0.0;0.0;2.43;3.89;1.5;0.33;0.0;0.0;0.0;0.0;0.0;0.0;0.0;0.0;0.0;0.0;0.0;0.0;0.0;0.0;8.15;9.10984
119.0;0.09198;1.05042;1.0;1.0;1.71;3.61;0.99;0.15;6.46;2.0;0.0;0.0;0.0;1.0;0.0;0.0;0.0;1.2;0.0;0.0;0.0;2.5;0.0;0.0;0.0;0.72;6.79042;0.0;0.0;3.47221;6.94256;2.82288;4.5;-1.71;-3.61;-0.99;-0.15;0.0;0.0;0.0;0.0;1.71;3.61;0.99;0.15;0.0;0.0;0.0;0.0;0.0;0.0;0.0;0.0;0.0;0.0;0.0;0.0;0.0;0.0;6.46;7.51042
120.0;0.09091;1.12351;1.0;1.0;1.41;3.68;0.66;0.12;5.87;2.0;0.0;0.0;0.0;1.0;0.0;0.0;0.0;1.2;0.0;0.0;0.0;2.5;0.0;0.0;0.0;0.63;6.36351;0.0;0.0;3.47221;6.94256;2.82288;4.5;-1.41;-3.68;-0.66;-0.12;0.0;0.0;0.0;0.0;1.41;3.68;0.66;0.12;0.0;0.0;0.0;0.0;0.0;0.0;0.0;0.0;0.0;0.0;0.0;0.0;0.0;0.0;5.87;6.99351
121.0;0.08737;1.13966;1.0;1.0;1.23;3.39;0.15;0.12;4.89;2.0;0.0;0.0;0.0;1.0;0.0;0.0;0.0;1.2;0.0;0.0;0.0;2.5;0.0;0.0;0.0;1.08;4.94966;0.0;0.0;3.47221;6.94256;2.82288;4.5;-1.23;-3.39;-0.15;-0.12;0.0;0.0;0.0;0.0;1.23;3.39;0.15;0.12;0.0;0.0;0.0;0.0;0.0;0.0;0.0;0.0;0.0;0.0;0.0;0.0;0.0;0.0;4.89;6.02966
122.0;0.08506;1.1183;1.0;1.0;0.27;3.46;0.15;0.06;3.94;2.0;0.0;0.0;0.0;1.0;0.0;0.0;0.0;1.2;0.0;0.0;0.0;2.5;0.0;0.0;0.0;1.035;4.0233;0.0;0.0;3.47221;6.94256;2.82288;4.5;-0.27;-3.46;-0.15;-0.06;0.0;0.0;0.0;0.0;0.27;3.46;0.15;0.06;0.0;0.0;0.0;0.0;0.0;0.0;0.0;0.0;0.0;0.0;0.0;0.0;0.0;0.0;3.94;5.0583
123.0;0.08348;1.07661;1.0;1.0;0.24;2.87;0.15;0.09;3.35;2.0;0.0;0.0;0.0;1.0;0.0;0.0;0.0;1.2;0.0;0.0;0.0;2.5;0.0;0.0;0.0;1.035;3.39161;0.0;0.0;3.47221;6.94256;2.82288;4.5;-0.24;-2.87;-0.15;-0.09;0.0;0.0;0.0;0.0;0.24;2.87;0.15;0.09;0.0;0.0;0.0;0.0;0.0;0.0;0.0;0.0;0.0;0.0;0.0;0.0;0.0;0.0;3.35;4.42661
124.0;0.08361;1.07291;1.0;1.0;0.21;2.91;0.15;0.09;3.36;2.0;0.0;0.0;0.0;1.0;0.0;0.0;0.0;1.2;0.0;0.0;0.0;2.5;0.0;0.0;0.0;0.99;3.44291;0.0;0.0;3.47221;6.94256;2.82288;4.5;-0.21;-2.91;-0.15;-0.09;0.0;0.0;0.0;0.0;0.21;2.91;0.15;0.09;0.0;0.0;0.0;0.0;0.0;0.0;0.0;0.0;0.0;0.0;0.0;0.0;0.0;0.0;3.36;4.43291
125.0;0.0873;1.11012;1.0;1.0;0.15;4.23;0.33;0.09;4.8;2.0;0.0;0.0;0.0;1.0;0.0;0.0;0.0;1.2;0.0;0.0;0.0;2.5;0.0;0.0;0.0;0.99;4.92012;0.0;0.0;3.47221;6.94256;2.82288;4.5;-0.15;-4.23;-0.33;-0.09;0.0;0.0;0.0;0.0;0.15;4.23;0.33;0.09;0.0;0.0;0.0;0.0;0.0;0.0;0.0;0.0;0.0;0.0;0.0;0.0;0.0;0.0;4.8;5.91012
126.0;0.08952;1.17382;1.0;1.0;0.15;4.65;0.63;0.15;5.58;2.0;0.0;0.0;0.0;1.0;0.0;0.0;0.0;1.2;0.0;0.0;0.0;2.5;0.0;0.0;0.0;0.945;5.80882;0.0;0.0;3.47221;6.94256;2.82288;4.5;-0.15;-4.65;-0.63;-0.15;0.0;0.0;0.0;0.0;0.15;4.65;0.63;0.15;0.0;0.0;0.0;0.0;0.0;0.0;0.0;0.0;0.0;0.0;0.0;0.0;0.0;0.0;5.58;6.75382
127.0;0.10038;1.30695;1.0;1.0;0.3;4.61;1.41;0.45;6.77;2.0;0.0;0.0;0.0;1.0;0.0;0.0;0.0;1.2;0.0;0.0;0.0;2.5;0.0;0.0;0.0;0.945;6.94255;0.18942;0.0;3.47221;6.94256;2.82288;4.5;-0.3;-4.61;-1.41;-0.45;0.0;0.0;0.0;0.0;0.3;4.61;1.41;0.45;0.0;0.0;0.0;0.0;0.0;0.0;0.0;0.0;0.0;0.0;0.0;0.0;0.0;0.0;6.77;8.07695
128.0;0.1058;1.36219;1.0;1.0;0.6;5.42;2.43;0.96;9.41;2.0;0.0;0.0;0.0;1.0;0.0;0.0;0.0;1.2;0.0;0.0;0.0;2.5;0.0;0.0;0.0;0.9;6.94256;2.89516;0.0;3.47221;6.94256;2.82288;4.5;-0.585;-5.405;-2.43;-0.9555;0.0;0.0;0.0;0.0;0.6;5.42;2.43;0.96;0.0;0.0;0.0;0.0;0.0;0.0;0.0;0.0;0.015;0.015;0.0;0.0045;0.0345;0.0;9.41;10.77219
129.0;0.10574;1.32695;1.0;1.0;0.96;4.77;3.3;0.54;9.57;2.0;0.0;0.0;0.0;1.0;0.0;0.0;0.0;1.2;0.0;0.0;0.0;2.5;0.0;0.0;0.0;0.81;6.94256;2.86842;0.0;3.47221;6.94256;2.82288;4.5;-0.84;-4.65;-3.3;-0.504;0.0;0.0;0.0;0.0;0.96;4.77;3.3;0.54;0.0;0.0;0.0;0.0;0.0;0.0;0.0;0.0;0.12;0.12;0.0;0.036;0.276;0.0;9.57;10.89695
130.0;0.10415;1.36058;1.0;1.0;1.29;4.79;2.97;0.3;9.35;2.0;0.0;0.0;0.0;1.0;0.0;0.0;0.0;1.2;0.0;0.0;0.0;2.5;0.0;0.0;0.0;0.765;6.94256;2.07154;0.0;3.47221;6.94256;2.82288;4.5;-0.885;-4.385;-2.97;-0.1785;0.0;0.0;0.0;0.0;1.29;4.79;2.97;0.3;0.0;0.0;0.0;0.0;0.0;0.0;0.0;0.0;0.405;0.405;0.0;0.1215;0.9315;0.0;9.35;10.71058
131.0;0.10316;1.33988;1.0;1.0;1.5;4.25;3.24;0.18;9.17;2.0;0.0;0.0;0.0;1.0;0.0;0.0;0.0;1.2;0.0;0.0;0.0;2.5;0.0;0.0;0.0;0.54;6.94256;1.57834;0.0;3.47221;6.94256;2.82288;4.5;-0.87;-3.62;-3.24;0.009;0.0;0.0;0.0;0.0;1.5;4.25;3.24;0.18;0.0;0.0;0.0;0.0;0.0;0.0;0.0;0.0;0.63;0.63;0.0;0.189;1.449;0.0;9.17;10.50988
132.0;0.10479;1.14382;1.0;1.0;1.26;4.48;4.29;0.21;10.24;2.0;0.0;0.0;0.0;1.0;0.0;0.0;0.0;1.2;0.0;0.0;0.0;2.5;0.0;0.0;0.0;0.36;6.94256;2.39079;0.0;3.47221;6.94256;2.82288;4.5;-0.525;-3.745;-4.29;0.0105;0.0;0.0;0.0;0.0;1.26;4.48;4.29;0.21;0.0;0.0;0.0;0.0;0.0;0.0;0.0;0.0;0.735;0.735;0.0;0.2205;1.6905;0.0;10.24;11.38382
133.0;0.10581;1.21128;1.0;1.0;1.5;5.27;3.87;0.24;10.88;2.0;0.0;0.0;0.0;1.0;0.0;0.0;0.0;1.2;0.0;0.0;0.0;2.5;0.0;0.0;0.0;0.315;6.94256;2.90175;0.0;3.47221;6.94256;2.82288;4.5;-0.66;-4.43;-3.87;0.012;0.0;0.0;0.0;0.0;1.5;5.27;3.87;0.24;0.0;0.0;0.0;0.0;0.0;0.0;0.0;0.0;0.84;0.84;0.0;0.252;1.932;0.0;10.88;12.09128
134.0;0.1052;1.17018;1.0;1.0;1.83;5.17;3.39;0.33;10.72;2.0;0.0;0.0;0.0;1.0;0.0;0.0;0.0;1.2;0.0;0.0;0.0;2.5;0.0;0.0;0.0;0.315;6.94256;2.59715;0.0;3.47221;6.94256;2.82288;4.5;-0.945;-4.285;-3.39;-0.0645;0.0;0.0;0.0;0.0;1.83;5.17;3.39;0.33;0.0;0.0;0.0;0.0;0.0;0.0;0.0;0.0;0.885;0.885;0.0;0.2655;2.0355;0.0;10.72;11.89018
135.0;0.1037;1.31944;1.0;1.0;1.38;4.73;3.3;0.18;9.59;2.0;0.0;0.0;0.0;1.0;0.0;0.0;0.0;1.2;0.0;0.0;0.0;2.5;0.0;0.0;0.0;0.36;6.94256;1.84741;0.0;3.47221;6.94256;2.82288;4.5;-0.615;-3.965;-3.3;0.0495;0.0;0.0;0.0;0.0;1.38;4.73;3.3;0.18;0.0;0.0;0.0;0.0;0.0;0.0;0.0;0.0;0.765;0.765;0.0;0.2295;1.7595;0.0;9.59;10.90944
136.0;0.10398;1.36097;1.0;1.0;1.29;5.06;3.24;0.18;9.77;2.0;0.0;0.0;0.0;1.0;0.0;0.0;0.0;1.2;0.0;0.0;0.0;2.5;0.0;0.0;0.0;0.405;6.94256;1.98944;0.0;3.47221;6.94256;2.82288;4.5;-0.51;-4.28;-3.24;0.054;0.0;0.0;0.0;0.0;1.29;5.06;3.24;0.18;0.0;0.0;0.0;0.0;0.0;0.0;0.0;0.0;0.78;0.78;0.0;0.234;1.794;0.0;9.77;11.13097
137.0;0.15112;1.16486;1.0;1.0;3.24;5.19;2.88;0.51;11.82;2.0;0.0;0.0;0.0;1.0;0.0;0.0;0.0;1.2;0.0;0.0;0.0;2.5;0.0;0.0;0.0;0.405;6.94256;3.47221;0.54391;3.47221;6.94256;2.82288;4.5;-2.535;-4.485;-2.88;-0.2985;0.0;0.0;0.0;0.0;3.24;5.19;2.88;0.51;0.0;0.0;0.0;0.0;0.0;0.0;0.0;0.0;0.705;0.705;0.0;0.2115;1.6215;0.0;11.82;12.98486
138.0;0.10602;1.12432;1.0;1.0;2.19;4.98;2.31;1.29;10.77;2.0;0.0;0.0;0.0;1.0;0.0;0.0;0.0;1.2;0.0;0.0;0.0;2.5;0.0;0.0;0.0;0.495;6.94256;3.00779;0.0;3.47221;6.94256;2.82288;4.5;-1.56;-4.35;-2.31;-1.101;0.0;0.0;0.0;0.0;2.19;4.98;2.31;1.29;0.0;0.0;0.0;0.0;0.0;0.0;0.0;0.0;0.63;0.63;0.0;0.189;1.449;0.0;10.77;11.89432
139.0;0.15228;1.07278;1.0;1.0;2.7;4.97;2.97;1.38;12.02;2.0;0.0;0.0;0.0;1.0;0.0;0.0;0.0;1.2;0.0;0.0;0.0;2.5;0.0;0.0;0.0;0.45;6.94256;3.47221;1.12433;3.47221;6.94256;2.82288;4.5;-2.22;-4.49;-2.97;-1.236;0.0;0.0;0.0;0.0;2.7;4.97;2.97;1.38;0.0;0.0;0.0;0.0;0.0;0.0;0.0;0.0;0.48;0.48;0.0;0.144;1.104;0.0;12.02;13.09278
140.0;0.15273;0.92534;1.0;1.0;3.48;4.27;3.18;0.93;11.86;2.0;0.0;0.0;0.0;1.0;0.0;0.0;0.0;1.2;0.0;0.0;0.0;2.5;0.0;0.0;0.0;0.405;6.94256;3.47221;1.34489;3.47221;6.94256;2.82288;4.5;-3.21;-4.0;-3.18;-0.849;0.0;0.0;0.0;0.0;3.48;4.27;3.18;0.93;0.0;0.0;0.0;0.0;0.0;0.0;0.0;0.0;0.27;0.27;0.0;0.081;0.621;0.0;11.86;12.78534
141.0;0.10681;1.05548;1.0;1.0;2.43;4.17;2.49;0.9;9.99;2.0;0.0;0.0;0.0;1.0;0.0;0.0;0.0;1.2;0.0;0.0;0.0;2.5;0.0;0.0;0.0;0.495;6.94256;3.40094;0.0;3.47221;6.94256;2.82288;4.5;-2.34;-4.08;-2.49;-0.873;0.0;0.0;0.0;0.0;2.43;4.17;2.49;0.9;0.0;0.0;0.0;0.0;0.0;0.0;0.0;0.0;0.09;0.09;0.0;0.027;0.207;0.0;9.99;11.04548
142.0;0.10407;0.95381;1.0;1.0;2.31;4.39;1.44;0.33;8.47;2.0;0.0;0.0;0.0;1.0;0.0;0.0;0.0;1.2;0.0;0.0;0.0;2.5;0.0;0.0;0.0;0.45;6.94256;2.03128;0.0;3.47221;6.94256;2.82288;4.5;-2.31;-4.39;-1.44;-0.33;0.0;0.0;0.0;0.0;2.31;4.39;1.44;0.33;0.0;0.0;0.0;0.0;0.0;0.0;0.0;0.0;0.0;0.0;0.0;0.0;0.0;0.0;8.47;9.42381
143.0;0.09215;0.80947;1.0;1.0;1.71;3.68;0.96;0.15;6.5;2.0;0.0;0.0;0.0;1.0;0.0;0.0;0.0;1.2;0.0;0.0;0.0;2.5;0.0;0.0;0.0;0.45;6.85947;0.0;0.0;3.47221;6.94256;2.82288;4.5;-1.71;-3.68;-0.96;-0.15;0.0;0.0;0.0;0.0;1.71;3.68;0.96;0.15;0.0;0.0;0.0;0.0;0.0;0.0;0.0;0.0;0.0;0.0;0.0;0.0;0.0;0.0;6.5;7.30947
144.0;0.09066;1.04017;1.0;1.0;1.65;3.29;0.57;0.12;5.63;2.0;0.0;0.0;0.0;1.0;0.0;0.0;0.0;1.2;0.0;0.0;0.0;2.5;0.0;0.0;0.0;0.405;6.26517;0.0;0.0;3.47221;6.94256;2.82288;4.5;-1.65;-3.29;-0.57;-0.12;0.0;0.0;0.0;0.0;1.65;3.29;0.57;0.12;0.0;0.0;0.0;0.0;0.0;0.0;0.0;0.0;0.0;0.0;0.0;0.0;0.0;0.0;5.63;6.67017
145.0;0.08731;1.11217;1.0;1.0;1.2;3.33;0.15;0.12;4.8;2.0;0.0;0.0;0.0;1.0;0.0;0.0;0.0;1.2;0.0;0.0;0.0;2.5;0.0;0.0;0.0;0.99;4.92217;0.0;0.0;3.47221;6.94256;2.82288;4.5;-1.2;-3.33;-0.15;-0.12;0.0;0.0;0.0;0.0;1.2;3.33;0.15;0.12;0.0;0.0;0.0;0.0;0.0;0.0;0.0;0.0;0.0;0.0;0.0;0.0;0.0;0.0;4.8;5.91217
146.0;0.08311;1.09441;1.0;1.0;0.27;2.84;0.15;0.06;3.32;2.0;0.0;0.0;0.0;1.0;0.0;0.0;0.0;1.2;0.0;0.0;0.0;2.5;0.0;0.0;0.0;1.17;3.24441;0.0;0.0;3.47221;6.94256;2.82288;4.5;-0.27;-2.84;-0.15;-0.06;0.0;0.0;0.0;0.0;0.27;2.84;0.15;0.06;0.0;0.0;0.0;0.0;0.0;0.0;0.0;0.0;0.0;0.0;0.0;0.0;0.0;0.0;3.32;4.41441
147.0;0.08417;1.11349;1.0;1.0;0.24;3.29;0.15;0.09;3.77;2.0;0.0;0.0;0.0;1.0;0.0;0.0;0.0;1.2;0.0;0.0;0.0;2.5;0.0;0.0;0.0;1.215;3.66849;0.0;0.0;3.47221;6.94256;2.82288;4.5;-0.24;-3.29;-0.15;-0.09;0.0;0.0;0.0;0.0;0.24;3.29;0.15;0.09;0.0;0.0;0.0;0.0;0.0;0.0;0.0;0.0;0.0;0.0;0.0;0.0;0.0;0.0;3.77;4.88349
148.0;0.08376;1.09869;1.0;1.0;0.21;3.17;0.15;0.09;3.62;2.0;0.0;0.0;0.0;1.0;0.0;0.0;0.0;1.2;0.0;0.0;0.0;2.5;0.0;0.0;0.0;1.215;3.50369;0.0;0.0;3.47221;6.94256;2.82288;4.5;-0.21;-3.17;-0.15;-0.09;0.0;0.0;0.0;0.0;0.21;3.17;0.15;0.09;0.0;0.0;0.0;0.0;0.0;0.0;0.0;0.0;0.0;0.0;0.0;0.0;0.0;0.0;3.62;4.71869
149.0;0.08533;1.11036;1.0;1.0;0.15;3.65;0.3;0.09;4.19;2.0;0.0;0.0;0.0;1.0;0.0;0.0;0.0;1.2;0.0;0.0;0.0;2.5;0.0;0.0;0.0;1.17;4.13037;0.0;0.0;3.47221;6.94256;2.82288;4.5;-0.15;-3.65;-0.3;-0.09;0.0;0.0;0.0;0.0;0.15;3.65;0.3;0.09;0.0;0.0;0.0;0.0;0.0;0.0;0.0;0.0;0.0;0.0;0.0;0.0;0.0;0.0;4.19;5.30036
150.0;0.08887;1.19815;1.0;1.0;0.15;4.68;0.63;0.15;5.61;2.0;0.0;0.0;0.0;1.0;0.0;0.0;0.0;1.2;0.0;0.0;0.0;2.5;0.0;0.0;0.0;1.26;5.54815;0.0;0.0;3.47221;6.94256;2.82288;4.5;-0.15;-4.68;-0.63;-0.15;0.0;0.0;0.0;0.0;0.15;4.68;0.63;0.15;0.0;0.0;0.0;0.0;0.0;0.0;0.0;0.0;0.0;0.0;0.0;0.0;0.0;0.0;5.61;6.80815
151.0;0.10014;1.35799;1.0;1.0;0.3;4.75;1.53;0.42;7.0;2.0;0.0;0.0;0.0;1.0;0.0;0.0;0.0;1.2;0.0;0.0;0.0;2.5;0.0;0.0;0.0;1.35;6.94255;0.06546;0.0;3.47221;6.94256;2.82288;4.5;-0.3;-4.75;-1.53;-0.42;0.0;0.0;0.0;0.0;0.3;4.75;1.53;0.42;0.0;0.0;0.0;0.0;0.0;0.0;0.0;0.0;0.0;0.0;0.0;0.0;0.0;0.0;7.0;8.35799
152.0;0.10349;1.38489;1.0;1.0;0.6;5.16;2.19;0.87;8.82;2.0;0.0;0.0;0.0;1.0;0.0;0.0;0.0;1.2;0.0;0.0;0.0;2.5;0.0;0.0;0.0;1.485;6.94256;1.74285;0.0;3.47221;6.94256;2.82288;4.5;-0.585;-5.145;-2.19;-0.8655;0.0;0.0;0.0;0.0;0.6;5.16;2.19;0.87;0.0;0.0;0.0;0.0;0.0;0.0;0.0;0.0;0.015;0.015;0.0;0.0045;0.0345;0.0;8.82;10.20489
153.0;0.1052;1.37903;1.0;1.0;0.99;5.68;2.79;0.54;10.0;2.0;0.0;0.0;0.0;1.0;0.0;0.0;0.0;1.2;0.0;0.0;0.0;2.5;0.0;0.0;0.0;1.53;6.94256;2.596;0.0;3.47221;6.94256;2.82288;4.5;-0.855;-5.545;-2.79;-0.4995;0.0;0.0;0.0;0.0;0.99;5.68;2.79;0.54;0.0;0.0;0.0;0.0;0.0;0.0;0.0;0.0;0.135;0.135;0.0;0.0405;0.3105;0.0;10.0;11.37903
154.0;0.1049;1.46841;1.0;1.0;1.14;5.37;3.39;0.27;10.17;2.0;0.0;0.0;0.0;1.0;0.0;0.0;0.0;1.2;0.0;0.0;0.0;2.5;0.0;0.0;0.0;1.35;6.94256;2.44887;0.0;3.47221;6.94256;2.82288;4.5;-0.75;-4.98;-3.39;-0.153;0.0;0.0;0.0;0.0;1.14;5.37;3.39;0.27;0.0;0.0;0.0;0.0;0.0;0.0;0.0;0.0;0.39;0.39;0.0;0.117;0.897;0.0;10.17;11.63841
155.0;0.10393;1.46147;1.0;1.0;1.38;5.01;3.75;0.18;10.32;2.0;0.0;0.0;0.0;1.0;0.0;0.0;0.0;1.2;0.0;0.0;0.0;2.5;0.0;0.0;0.0;1.395;6.94256;1.96044;0.0;3.47221;6.94256;2.82288;4.5;-0.735;-4.365;-3.75;0.0135;0.0;0.0;0.0;0.0;1.38;5.01;3.75;0.18;0.0;0.0;0.0;0.0;0.0;0.0;0.0;0.0;0.645;0.645;0.0;0.1935;1.4835;0.0;10.32;11.78147
156.0;0.10221;1.26401;1.0;1.0;1.17;4.64;4.02;0.21;10.04;2.0;0.0;0.0;0.0;1.0;0.0;0.0;0.0;1.2;0.0;0.0;0.0;2.5;0.0;0.0;0.0;1.26;6.94256;1.10048;0.0;3.47221;6.94256;2.82288;4.5;-0.3;-3.77;-4.02;0.051;0.0;0.0;0.0;0.0;1.17;4.64;4.02;0.21;0.0;0.0;0.0;0.0;0.0;0.0;0.0;0.0;0.87;0.87;0.0;0.261;2.001;0.0;10.04;11.30401
157.0;0.10457;1.2924;1.0;1.0;1.53;5.38;4.23;0.24;11.38;2.0;0.0;0.0;0.0;1.0;0.0;0.0;0.0;1.2;0.0;0.0;0.0;2.5;0.0;0.0;0.0;1.17;6.94256;2.28287;0.0;3.47221;6.94256;2.82288;4.5;-0.54;-4.39;-4.23;0.057;0.0;0.0;0.0;0.0;1.53;5.38;4.23;0.24;0.0;0.0;0.0;0.0;0.0;0.0;0.0;0.0;0.99;0.99;0.0;0.297;2.277;0.0;11.38;12.6724
158.0;0.10275;1.36356;1.0;1.0;1.71;5.04;3.54;0.27;10.56;2.0;0.0;0.0;0.0;1.0;0.0;0.0;0.0;1.2;0.0;0.0;0.0;2.5;0.0;0.0;0.0;1.125;6.94256;1.37203;0.0;3.47221;6.94256;2.82288;4.5;-0.63;-3.96;-3.54;0.054;0.0;0.0;0.0;0.0;1.71;5.04;3.54;0.27;0.0;0.0;0.0;0.0;0.0;0.0;0.0;0.0;1.08;1.08;0.0;0.324;2.484;0.0;10.56;11.92356
159.0;0.10078;1.28602;1.0;1.0;1.56;4.5;3.39;0.18;9.63;2.0;0.0;0.0;0.0;1.0;0.0;0.0;0.0;1.2;0.0;0.0;0.0;2.5;0.0;0.0;0.0;1.035;6.94256;0.38549;0.0;3.47221;6.94256;2.82288;4.5;-0.45;-3.39;-3.39;0.153;0.0;0.0;0.0;0.0;1.56;4.5;3.39;0.18;0.0;0.0;0.0;0.0;0.0;0.0;0.0;0.0;1.11;1.11;0.0;0.333;2.553;0.0;9.63;10.91602
160.0;0.10054;1.39447;1.0;1.0;1.14;5.07;2.82;0.18;9.21;2.0;0.0;0.0;0.0;1.0;0.0;0.0;0.0;1.2;0.0;0.0;0.0;2.5;0.0;0.0;0.0;0.945;6.94255;0.26744;0.0;3.47221;6.94256;2.82288;4.5;-0.075;-4.005;-2.82;0.1395;0.0;0.0;0.0;0.0;1.14;5.07;2.82;0.18;0.0;0.0;0.0;0.0;0.0;0.0;0.0;0.0;1.065;1.065;0.0;0.3195;2.4495;0.0;9.21;10.60447
161.0;0.10536;1.25352;1.0;1.0;2.76;5.32;2.94;0.51;11.53;2.0;0.0;0.0;0.0;1.0;0.0;0.0;0.0;1.2;0.0;0.0;0.0;2.5;0.0;0.0;0.0;0.99;6.94256;2.67749;0.0;3.47221;6.94256;2.82288;4.5;-1.815;-4.375;-2.94;-0.2265;0.0;0.0;0.0;0.0;2.76;5.32;2.94;0.51;0.0;0.0;0.0;0.0;0.0;0.0;0.0;0.0;0.945;0.945;0.0;0.2835;2.1735;0.0;11.53;12.78352
162.0;0.10387;1.26769;1.0;1.0;2.64;4.53;2.13;1.08;10.38;2.0;0.0;0.0;0.0;1.0;0.0;0.0;0.0;1.2;0.0;0.0;0.0;2.5;0.0;0.0;0.0;0.945;6.94256;1.93166;0.0;3.47221;6.94256;2.82288;4.5;-1.845;-3.735;-2.13;-0.8415;0.0;0.0;0.0;0.0;2.64;4.53;2.13;1.08;0.0;0.0;0.0;0.0;0.0;0.0;0.0;0.0;0.795;0.795;0.0;0.2385;1.8285;0.0;10.38;11.64769
163.0;0.10567;1.17104;1.0;1.0;2.4;4.58;2.64;1.23;10.85;2.0;0.0;0.0;0.0;1.0;0.0;0.0;0.0;1.2;0.0;0.0;0.0;2.5;0.0;0.0;0.0;0.9;6.94256;2.83301;0.0;3.47221;6.94256;2.82288;4.5;-1.815;-3.995;-2.64;-1.0545;0.0;0.0;0.0;0.0;2.4;4.58;2.64;1.23;0.0;0.0;0.0;0.0;0.0;0.0;0.0;0.0;0.585;0.585;0.0;0.1755;1.3455;0.0;10.85;12.02104
164.0;0.15228;1.23696;1.0;1.0;3.57;4.39;3.03;0.96;11.95;2.0;0.0;0.0;0.0;1.0;0.0;0.0;0.0;1.2;0.0;0.0;0.0;2.5;0.0;0.0;0.0;0.855;6.94256;3.47221;1.12401;3.47221;6.94256;2.82288;4.5;-3.225;-4.045;-3.03;-0.8565;0.0;0.0;0.0;0.0;3.57;4.39;3.03;0.96;0.0;0.0;0.0;0.0;0.0;0.0;0.0;0.0;0.345;0.345;0.0;0.1035;0.7935;0.0;11.95;13.18696
165.0;0.10516;1.12942;1.0;1.0;2.43;4.05;2.16;0.87;9.51;2.0;0.0;0.0;0.0;1.0;0.0;0.0;0.0;1.2;0.0;0.0;0.0;2.5;0.0;0.0;0.0;0.81;6.94256;2.57639;0.0;3.47221;6.94256;2.82288;4.5;-2.295;-3.915;-2.16;-0.8295;0.0;0.0;0.0;0.0;2.43;4.05;2.16;0.87;0.0;0.0;0.0;0.0;0.0;0.0;0.0;0.0;0.135;0.135;0.0;0.0405;0.3105;0.0;9.51;10.63942
166.0;0.10266;1.09548;1.0;1.0;2.22;3.96;1.62;0.3;8.1;2.0;0.0;0.0;0.0;1.0;0.0;0.0;0.0;1.2;0.0;0.0;0.0;2.5;0.0;0.0;0.0;0.855;6.94256;1.32895;0.0;3.47221;6.94256;2.82288;4.5;-2.19;-3.93;-1.62;-0.291;0.0;0.0;0.0;0.0;2.22;3.96;1.62;0.3;0.0;0.0;0.0;0.0;0.0;0.0;0.0;0.0;0.03;0.03;0.0;0.009;0.069;0.0;8.1;9.19548
167.0;0.10035;1.10727;1.0;1.0;1.89;3.86;0.96;0.15;6.86;2.0;0.0;0.0;0.0;1.0;0.0;0.0;0.0;1.2;0.0;0.0;0.0;2.5;0.0;0.0;0.0;0.855;6.94255;0.16975;0.0;3.47221;6.94256;2.82288;4.5;-1.89;-3.86;-0.96;-0.15;0.0;0.0;0.0;0.0;1.89;3.86;0.96;0.15;0.0;0.0;0.0;0.0;0.0;0.0;0.0;0.0;0.0;0.0;0.0;0.0;0.0;0.0;6.86;7.96727
168.0;0.09144;1.20192;1.0;1.0;1.65;3.89;0.57;0.12;6.23;2.0;0.0;0.0;0.0;1.0;0.0;0.0;0.0;1.2;0.0;0.0;0.0;2.5;0.0;0.0;0.0;0.855;6.57692;0.0;0.0;3.47221;6.94256;2.82288;4.5;-1.65;-3.89;-0.57;-0.12;0.0;0.0;0.0;0.0;1.65;3.89;0.57;0.12;0.0;0.0;0.0;0.0;0.0;0.0;0.0;0.0;0.0;0.0;0.0;0.0;0.0;0.0;6.23;7.43192
169.0;0.08654;1.0924;1.0;1.0;1.32;3.24;0.15;0.12;4.83;2.0;0.0;0.0;0.0;1.0;0.0;0.0;0.0;1.2;0.0;0.0;0.0;2.5;0.0;0.0;0.0;1.305;4.6174;0.0;0.0;3.47221;6.94256;2.82288;4.5;-1.32;-3.24;-0.15;-0.12;0.0;0.0;0.0;0.0;1.32;3.24;0.15;0.12;0.0;0.0;0.0;0.0;0.0;0.0;0.0;0.0;0.0;0.0;0.0;0.0;0.0;0.0;4.83;5.9224
170.0;0.084;1.05027;1.0;1.0;0.27;3.33;0.15;0.06;3.81;2.0;0.0;0.0;0.0;1.0;0.0;0.0;0.0;1.2;0.0;0.0;0.0;2.5;0.0;0.0;0.0;1.26;3.60027;0.0;0.0;3.47221;6.94256;2.82288;4.5;-0.27;-3.33;-0.15;-0.06;0.0;0.0;0.0;0.0;0.27;3.33;0.15;0.06;0.0;0.0;0.0;0.0;0.0;0.0;0.0;0.0;0.0;0.0;0.0;0.0;0.0;0.0;3.81;4.86027
171.0;0.08371;1.00762;1.0;1.0;0.24;3.21;0.15;0.09;3.69;2.0;0.0;0.0;0.0;1.0;0.0;0.0;0.0;1.2;0.0;0.0;0.0;2.5;0.0;0.0;0.0;1.215;3.48262;0.0;0.0;3.47221;6.94256;2.82288;4.5;-0.24;-3.21;-0.15;-0.09;0.0;0.0;0.0;0.0;0.24;3.21;0.15;0.09;0.0;0.0;0.0;0.0;0.0;0.0;0.0;0.0;0.0;0.0;0.0;0.0;0.0;0.0;3.69;4.69762
172.0;0.08334;1.02552;1.0;1.0;0.21;3.03;0.15;0.09;3.48;2.0;0.0;0.0;0.0;1.0;0.0;0.0;0.0;1.2;0.0;0.0;0.0;2.5;0.0;0.0;0.0;1.17;3.33552;0.0;0.0;3.47221;6.94256;2.82288;4.5;-0.21;-3.03;-0.15;-0.09;0.0;0.0;0.0;0.0;0.21;3.03;0.15;0.09;0.0;0.0;0.0;0.0;0.0;0.0;0.0;0.0;0.0;0.0;0.0;0.0;0.0;0.0;3.48;4.50552
173.0;0.08644;0.99526;1.0;1.0;0.15;4.3;0.3;0.09;4.84;2.0;0.0;0.0;0.0;1.0;0.0;0.0;0.0;1.2;0.0;0.0;0.0;2.5;0.0;0.0;0.0;1.26;4.57526;0.0;0.0;3.47221;6.94256;2.82288;4.5;-0.15;-4.3;-0.3;-0.09;0.0;0.0;0.0;0.0;0.15;4.3;0.3;0.09;0.0;0.0;0.0;0.0;0.0;0.0;0.0;0.0;0.0;0.0;0.0;0.0;0.0;0.0;4.84;5.83526
174.0;0.08768;1.02686;1.0;1.0;0.15;4.51;0.54;0.15;5.35;2.0;0.0;0.0;0.0;1.0;0.0;0.0;0.0;1.2;0.0;0.0;0.0;2.5;0.0;0.0;0.0;1.305;5.07186;0.0;0.0;3.47221;6.94256;2.82288;4.5;-0.15;-4.51;-0.54;-0.15;0.0;0.0;0.0;0.0;0.15;4.51;0.54;0.15;0.0;0.0;0.0;0.0;0.0;0.0;0.0;0.0;0.0;0.0;0.0;0.0;0.0;0.0;5.35;6.37686
175.0;0.10022;1.05746;1.0;1.0;0.3;5.3;1.35;0.39;7.34;2.0;0.0;0.0;0.0;1.0;0.0;0.0;0.0;1.2;0.0;0.0;0.0;2.5;0.0;0.0;0.0;1.35;6.94255;0.10493;0.0;3.47221;6.94256;2.82288;4.5;-0.3;-5.3;-1.35;-0.39;0.0;0.0;0.0;0.0;0.3;5.3;1.35;0.39;0.0;0.0;0.0;0.0;0.0;0.0;0.0;0.0;0.0;0.0;0.0;0.0;0.0;0.0;7.34;8.39746
176.0;0.10238;1.03388;1.0;1.0;0.66;4.61;2.46;0.84;8.57;2.0;0.0;0.0;0.0;1.0;0.0;0.0;0.0;1.2;0.0;0.0;0.0;2.5;0.0;0.0;0.0;1.44;6.94256;1.18685;0.0;3.47221;6.94256;2.82288;4.5;-0.645;-4.595;-2.46;-0.8355;0.0;0.0;0.0;0.0;0.66;4.61;2.46;0.84;0.0;0.0;0.0;0.0;0.0;0.0;0.0;0.0;0.015;0.015;0.0;0.0045;0.0345;0.0;8.57;9.60388
177.0;0.10489;1.06747;1.0;1.0;0.96;5.49;2.97;0.57;9.99;2.0;0.0;0.0;0.0;1.0;0.0;0.0;0.0;1.2;0.0;0.0;0.0;2.5;0.0;0.0;0.0;1.395;6.94256;2.44393;0.0;3.47221;6.94256;2.82288;4.5;-0.84;-5.37;-2.97;-0.534;0.0;0.0;0.0;0.0;0.96;5.49;2.97;0.57;0.0;0.0;0.0;0.0;0.0;0.0;0.0;0.0;0.12;0.12;0.0;0.036;0.276;0.0;9.99;11.05747
178.0;0.10332;1.0672;1.0;1.0;1.26;4.99;3.06;0.3;9.61;2.0;0.0;0.0;0.0;1.0;0.0;0.0;0.0;1.2;0.0;0.0;0.0;2.5;0.0;0.0;0.0;1.215;6.94256;1.65716;0.0;3.47221;6.94256;2.82288;4.5;-0.885;-4.615;-3.06;-0.1875;0.0;0.0;0.0;0.0;1.26;4.99;3.06;0.3;0.0;0.0;0.0;0.0;0.0;0.0;0.0;0.0;0.375;0.375;0.0;0.1125;0.8625;0.0;9.61;10.6772
179.0;0.10399;1.02544;1.0;1.0;1.53;5.0;3.93;0.18;10.64;2.0;0.0;0.0;0.0;1.0;0.0;0.0;0.0;1.2;0.0;0.0;0.0;2.5;0.0;0.0;0.0;1.215;6.94256;1.9899;0.0;3.47221;6.94256;2.82288;4.5;-0.87;-4.34;-3.93;0.018;0.0;0.0;0.0;0.0;1.53;5.0;3.93;0.18;0.0;0.0;0.0;0.0;0.0;0.0;0.0;0.0;0.66;0.66;0.0;0.198;1.518;0.0;10.64;11.66544
180.0;0.10072;0.90429;1.0;1.0;1.2;4.85;3.51;0.21;9.77;2.0;0.0;0.0;0.0;1.0;0.0;0.0;0.0;1.2;0.0;0.0;0.0;2.5;0.0;0.0;0.0;1.305;6.94256;0.35676;0.0;3.47221;6.94256;2.82288;4.5;-0.3;-3.95;-3.51;0.06;0.0;0.0;0.0;0.0;1.2;4.85;3.51;0.21;0.0;0.0;0.0;0.0;0.0;0.0;0.0;0.0;0.9;0.9;0.0;0.27;2.07;0.0;9.77;10.67429
181.0;0.10144;0.7553;1.0;1.0;1.56;4.83;4.02;0.24;10.65;2.0;0.0;0.0;0.0;1.0;0.0;0.0;0.0;1.2;0.0;0.0;0.0;2.5;0.0;0.0;0.0;1.26;6.94256;0.71877;0.0;3.47221;6.94256;2.82288;4.5;-0.48;-3.75;-4.02;0.084;0.0;0.0;0.0;0.0;1.56;4.83;4.02;0.24;0.0;0.0;0.0;0.0;0.0;0.0;0.0;0.0;1.08;1.08;0.0;0.324;2.484;0.0;10.65;11.4053
182.0;0.10232;0.72501;1.0;1.0;1.65;5.41;3.9;0.33;11.29;2.0;0.0;0.0;0.0;1.0;0.0;0.0;0.0;1.2;0.0;0.0;0.0;2.5;0.0;0.0;0.0;1.26;6.94256;1.15597;0.0;3.47221;6.94256;2.82288;4.5;-0.495;-4.255;-3.9;0.0165;0.0;0.0;0.0;0.0;1.65;5.41;3.9;0.33;0.0;0.0;0.0;0.0;0.0;0.0;0.0;0.0;1.155;1.155;0.0;0.3465;2.6565;0.0;11.29;12.01501
183.0;0.10003;0.91112;1.0;1.0;1.47;5.36;3.03;0.18;10.04;2.0;0.0;0.0;0.0;1.0;0.0;0.0;0.0;1.2;0.0;0.0;0.0;2.5;0.0;0.0;0.0;1.305;6.94255;0.01259;0.0;3.47221;6.94256;2.82288;4.5;-0.3;-4.19;-3.03;0.171;0.0;0.0;0.0;0.0;1.47;5.36;3.03;0.18;0.0;0.0;0.0;0.0;0.0;0.0;0.0;0.0;1.17;1.17;0.0;0.351;2.691;0.0;10.04;10.95112
184.0;0.08929;0.88799;1.0;1.0;1.11;4.84;2.76;0.18;8.89;2.0;0.0;0.0;0.0;1.0;0.0;0.0;0.0;1.2;0.0;0.0;0.0;2.5;0.0;0.0;0.0;1.44;5.71599;0.0;0.0;3.47221;6.94256;2.82288;4.5;0.03;-3.7;-2.76;0.162;0.0;0.0;0.0;0.0;1.11;4.84;2.76;0.18;0.0;0.0;0.0;0.0;0.0;0.0;0.0;0.0;1.14;1.14;0.0;0.342;2.622;0.0;8.89;9.77799
185.0;0.10293;0.83306;1.0;1.0;3.12;5.36;2.52;0.48;11.48;2.0;0.0;0.0;0.0;1.0;0.0;0.0;0.0;1.2;0.0;0.0;0.0;2.5;0.0;0.0;0.0;1.53;6.94256;1.46003;0.0;3.47221;6.94256;2.82288;4.5;-2.085;-4.325;-2.52;-0.1695;0.0;0.0;0.0;0.0;3.12;5.36;2.52;0.48;0.0;0.0;0.0;0.0;0.0;0.0;0.0;0.0;1.035;1.035;0.0;0.3105;2.3805;0.0;11.48;12.31306
186.0;0.1022;0.90677;1.0;1.0;2.25;4.95;2.13;1.29;10.62;2.0;0.0;0.0;0.0;1.0;0.0;0.0;0.0;1.2;0.0;0.0;0.0;2.5;0.0;0.0;0.0;1.485;6.94256;1.09824;0.0;3.47221;6.94256;2.82288;4.5;-1.38;-4.08;-2.13;-1.029;0.0;0.0;0.0;0.0;2.25;4.95;2.13;1.29;0.0;0.0;0.0;0.0;0.0;0.0;0.0;0.0;0.87;0.87;0.0;0.261;2.001;0.0;10.62;11.52677
187.0;0.10448;0.87206;1.0;1.0;2.4;4.8;2.88;1.23;11.31;2.0;0.0;0.0;0.0;1.0;0.0;0.0;0.0;1.2;0.0;0.0;0.0;2.5;0.0;0.0;0.0;1.485;6.94256;2.23652;0.0;3.47221;6.94256;2.82288;4.5;-1.74;-4.14;-2.88;-1.032;0.0;0.0;0.0;0.0;2.4;4.8;2.88;1.23;0.0;0.0;0.0;0.0;0.0;0.0;0.0;0.0;0.66;0.66;0.0;0.198;1.518;0.0;11.31;12.18206
188.0;0.10571;0.91724;1.0;1.0;2.97;3.76;3.63;0.81;11.17;2.0;0.0;0.0;0.0;1.0;0.0;0.0;0.0;1.2;0.0;0.0;0.0;2.5;0.0;0.0;0.0;1.395;6.94256;2.8527;0.0;3.47221;6.94256;2.82288;4.5;-2.58;-3.37;-3.63;-0.693;0.0;0.0;0.0;0.0;2.97;3.76;3.63;0.81;0.0;0.0;0.0;0.0;0.0;0.0;0.0;0.0;0.39;0.39;0.0;0.117;0.897;0.0;11.17;12.08724
189.0;0.10387;0.79168;1.0;1.0;2.43;4.14;2.19;0.84;9.6;2.0;0.0;0.0;0.0;1.0;0.0;0.0;0.0;1.2;0.0;0.0;0.0;2.5;0.0;0.0;0.0;1.17;6.94256;1.93415;0.0;3.47221;6.94256;2.82288;4.5;-2.28;-3.99;-2.19;-0.795;0.0;0.0;0.0;0.0;2.43;4.14;2.19;0.84;0.0;0.0;0.0;0.0;0.0;0.0;0.0;0.0;0.15;0.15;0.0;0.045;0.345;0.0;9.6;10.39168
190.0;0.10312;0.8466;1.0;1.0;2.43;4.33;1.53;0.33;8.62;2.0;0.0;0.0;0.0;1.0;0.0;0.0;0.0;1.2;0.0;0.0;0.0;2.5;0.0;0.0;0.0;0.9;6.94256;1.55506;0.0;3.47221;6.94256;2.82288;4.5;-2.4;-4.3;-1.53;-0.321;0.0;0.0;0.0;0.0;2.43;4.33;1.53;0.33;0.0;0.0;0.0;0.0;0.0;0.0;0.0;0.0;0.03;0.03;0.0;0.009;0.069;0.0;8.62;9.4666
191.0;0.09191;0.82296;1.0;1.0;1.77;3.87;0.96;0.15;6.75;2.0;0.0;0.0;0.0;1.0;0.0;0.0;0.0;1.2;0.0;0.0;0.0;2.5;0.0;0.0;0.0;0.81;6.76296;0.0;0.0;3.47221;6.94256;2.82288;4.5;-1.77;-3.87;-0.96;-0.15;0.0;0.0;0.0;0.0;1.77;3.87;0.96;0.15;0.0;0.0;0.0;0.0;0.0;0.0;0.0;0.0;0.0;0.0;0.0;0.0;0.0;0.0;6.75;7.57296
192.0;0.0902;0.94336;1.0;1.0;1.65;3.59;0.54;0.12;5.9;2.0;0.0;0.0;0.0;1.0;0.0;0.0;0.0;1.2;0.0;0.0;0.0;2.5;0.0;0.0;0.0;0.765;6.07836;0.0;0.0;3.47221;6.94256;2.82288;4.5;-1.65;-3.59;-0.54;-0.12;0.0;0.0;0.0;0.0;1.65;3.59;0.54;0.12;0.0;0.0;0.0;0.0;0.0;0.0;0.0;0.0;0.0;0.0;0.0;0.0;0.0;0.0;5.9;6.84336
193.0;0.08879;1.11621;1.0;1.0;1.17;3.77;0.15;0.12;5.21;2.0;0.0;0.0;0.0;1.0;0.0;0.0;0.0;1.2;0.0;0.0;0.0;2.5;0.0;0.0;0.0;0.81;5.51621;0.0;0.0;3.47221;6.94256;2.82288;4.5;-1.17;-3.77;-0.15;-0.12;0.0;0.0;0.0;0.0;1.17;3.77;0.15;0.12;0.0;0.0;0.0;0.0;0.0;0.0;0.0;0.0;0.0;0.0;0.0;0.0;0.0;0.0;5.21;6.32621
194.0;0.08549;1.05018;1.0;1.0;0.27;3.43;0.15;0.06;3.91;2.0;0.0;0.0;0.0;1.0;0.0;0.0;0.0;1.2;0.0;0.0;0.0;2.5;0.0;0.0;0.0;0.765;4.19518;0.0;0.0;3.47221;6.94256;2.82288;4.5;-0.27;-3.43;-0.15;-0.06;0.0;0.0;0.0;0.0;0.27;3.43;0.15;0.06;0.0;0.0;0.0;0.0;0.0;0.0;0.0;0.0;0.0;0.0;0.0;0.0;0.0;0.0;3.91;4.96018
195.0;0.08523;1.04021;1.0;1.0;0.24;3.38;0.15;0.09;3.86;2.0;0.0;0.0;0.0;1.0;0.0;0.0;0.0;1.2;0.0;0.0;0.0;2.5;0.0;0.0;0.0;0.81;4.09021;0.0;0.0;3.47221;6.94256;2.82288;4.5;-0.24;-3.38;-0.15;-0.09;0.0;0.0;0.0;0.0;0.24;3.38;0.15;0.09;0.0;0.0;0.0;0.0;0.0;0.0;0.0;0.0;0.0;0.0;0.0;0.0;0.0;0.0;3.86;4.90021
196.0;0.08384;1.04988;1.0;1.0;0.21;2.89;0.15;0.09;3.34;2.0;0.0;0.0;0.0;1.0;0.0;0.0;0.0;1.2;0.0;0.0;0.0;2.5;0.0;0.0;0.0;0.855;3.53488;0.0;0.0;3.47221;6.94256;2.82288;4.5;-0.21;-2.89;-0.15;-0.09;0.0;0.0;0.0;0.0;0.21;2.89;0.15;0.09;0.0;0.0;0.0;0.0;0.0;0.0;0.0;0.0;0.0;0.0;0.0;0.0;0.0;0.0;3.34;4.38988
197.0;0.0875;1.08558;1.0;1.0;0.15;4.26;0.27;0.09;4.77;2.0;0.0;0.0;0.0;1.0;0.0;0.0;0.0;1.2;0.0;0.0;0.0;2.5;0.0;0.0;0.0;0.855;5.00058;0.0;0.0;3.47221;6.94256;2.82288;4.5;-0.15;-4.26;-0.27;-0.09;0.0;0.0;0.0;0.0;0.15;4.26;0.27;0.09;0.0;0.0;0.0;0.0;0.0;0.0;0.0;0.0;0.0;0.0;0.0;0.0;0.0;0.0;4.77;5.85558
198.0;0.08872;1.16669;1.0;1.0;0.15;4.29;0.63;0.15;5.22;2.0;0.0;0.0;0.0;1.0;0.0;0.0;0.0;1.2;0.0;0.0;0.0;2.5;0.0;0.0;0.0;0.9;5.48669;0.0;0.0;3.47221;6.94256;2.82288;4.5;-0.15;-4.29;-0.63;-0.15;0.0;0.0;0.0;0.0;0.15;4.29;0.63;0.15;0.0;0.0;0.0;0.0;0.0;0.0;0.0;0.0;0.0;0.0;0.0;0.0;0.0;0.0;5.22;6.38669
199.0;0.10209;1.30181;1.0;1.0;0.3;5.23;1.56;0.45;7.54;2.0;0.0;0.0;0.0;1.0;0.0;0.0;0.0;1.2;0.0;0.0;0.0;2.5;0.0;0.0;0.0;0.855;6.94256;1.04428;0.0;3.47221;6.94256;2.82288;4.5;-0.3;-5.23;-1.56;-0.45;0.0;0.0;0.0;0.0;0.3;5.23;1.56;0.45;0.0;0.0;0.0;0.0;0.0;0.0;0.0;0.0;0.0;0.0;0.0;0.0;0.0;0.0;7.54;8.84181
200.0;0.10439;1.3249;1.0;1.0;0.57;4.96;2.28;0.9;8.71;2.0;0.0;0.0;0.0;1.0;0.0;0.0;0.0;1.2;0.0;0.0;0.0;2.5;0.0;0.0;0.0;0.9;6.94256;2.19236;0.0;3.47221;6.94256;2.82288;4.5;-0.57;-4.96;-2.28;-0.9;0.0;0.0;0.0;0.0;0.57;4.96;2.28;0.9;0.0;0.0;0.0;0.0;0.0;0.0;0.0;0.0;0.0;0.0;0.0;0.0;0.0;0.0;8.71;10.0349
201.0;0.10581;1.38683;1.0;1.0;0.81;4.88;3.24;0.6;9.53;2.0;0.0;0.0;0.0;1.0;0.0;0.0;0.0;1.2;0.0;0.0;0.0;2.5;0.0;0.0;0.0;0.9;6.94256;2.9018;0.0;3.47221;6.94256;2.82288;4.5;-0.735;-4.805;-3.24;-0.5775;0.0;0.0;0.0;0.0;0.81;4.88;3.24;0.6;0.0;0.0;0.0;0.0;0.0;0.0;0.0;0.0;0.075;0.075;0.0;0.0225;0.1725;0.0;9.53;10.91683
202.0;0.10524;1.40179;1.0;1.0;1.2;5.29;3.06;0.3;9.85;2.0;0.0;0.0;0.0;1.0;0.0;0.0;0.0;1.2;0.0;0.0;0.0;2.5;0.0;0.0;0.0;0.9;6.94256;2.61575;0.0;3.47221;6.94256;2.82288;4.5;-0.855;-4.945;-3.06;-0.1965;0.0;0.0;0.0;0.0;1.2;5.29;3.06;0.3;0.0;0.0;0.0;0.0;0.0;0.0;0.0;0.0;0.345;0.345;0.0;0.1035;0.7935;0.0;9.85;11.25179
203.0;0.10277;1.26652;1.0;1.0;1.47;4.5;3.51;0.18;9.66;2.0;0.0;0.0;0.0;1.0;0.0;0.0;0.0;1.2;0.0;0.0;0.0;2.5;0.0;0.0;0.0;0.945;6.94256;1.38298;0.0;3.47221;6.94256;2.82288;4.5;-0.75;-3.78;-3.51;0.036;0.0;0.0;0.0;0.0;1.47;4.5;3.51;0.18;0.0;0.0;0.0;0.0;0.0;0.0;0.0;0.0;0.72;0.72;0.0;0.216;1.656;0.0;9.66;10.92652
204.0;0.10063;1.12258;1.0;1.0;1.14;4.59;3.54;0.21;9.48;2.0;0.0;0.0;0.0;1.0;0.0;0.0;0.0;1.2;0.0;0.0;0.0;2.5;0.0;0.0;0.0;1.035;6.94256;0.31355;0.0;3.47221;6.94256;2.82288;4.5;-0.135;-3.585;-3.54;0.0915;0.0;0.0;0.0;0.0;1.14;4.59;3.54;0.21;0.0;0.0;0.0;0.0;0.0;0.0;0.0;0.0;1.005;1.005;0.0;0.3015;2.3115;0.0;9.48;10.60258
205.0;0.10182;1.15339;1.0;1.0;1.53;5.22;3.51;0.24;10.5;2.0;0.0;0.0;0.0;1.0;0.0;0.0;0.0;1.2;0.0;0.0;0.0;2.5;0.0;0.0;0.0;1.08;6.94256;0.90536;0.0;3.47221;6.94256;2.82288;4.5;-0.345;-4.035;-3.51;0.1155;0.0;0.0;0.0;0.0;1.53;5.22;3.51;0.24;0.0;0.0;0.0;0.0;0.0;0.0;0.0;0.0;1.185;1.185;0.0;0.3555;2.7255;0.0;10.5;11.65339
206.0;0.10184;1.30362;1.0;1.0;1.68;4.7;3.78;0.33;10.49;2.0;0.0;0.0;0.0;1.0;0.0;0.0;0.0;1.2;0.0;0.0;0.0;2.5;0.0;0.0;0.0;1.035;6.94256;0.91808;0.0;3.47221;6.94256;2.82288;4.5;-0.42;-3.44;-3.78;0.048;0.0;0.0;0.0;0.0;1.68;4.7;3.78;0.33;0.0;0.0;0.0;0.0;0.0;0.0;0.0;0.0;1.26;1.26;0.0;0.378;2.898;0.0;10.49;11.79362
207.0;0.10178;1.236;1.0;1.0;1.65;5.3;3.36;0.18;10.49;2.0;0.0;0.0;0.0;1.0;0.0;0.0;0.0;1.2;0.0;0.0;0.0;2.5;0.0;0.0;0.0;1.035;6.94256;0.88497;0.0;3.47221;6.94256;2.82288;4.5;-0.405;-4.055;-3.36;0.1935;0.0;0.0;0.0;0.0;1.65;5.3;3.36;0.18;0.0;0.0;0.0;0.0;0.0;0.0;0.0;0.0;1.245;1.245;0.0;0.3735;2.8635;0.0;10.49;11.726
208.0;0.09099;1.23939;1.0;1.0;1.11;4.88;2.94;0.18;9.11;2.0;0.0;0.0;0.0;1.0;0.0;0.0;0.0;1.2;0.0;0.0;0.0;2.5;0.0;0.0;0.0;1.125;6.39539;0.0;0.0;3.47221;6.94256;2.82288;4.5;0.12;-3.65;-2.94;0.189;0.0;0.0;0.0;0.0;1.11;4.88;2.94;0.18;0.0;0.0;0.0;0.0;0.0;0.0;0.0;0.0;1.23;1.23;0.0;0.369;2.829;0.0;9.11;10.34939
209.0;0.1038;1.24147;1.0;1.0;3.12;5.01;2.67;0.51;11.31;2.0;0.0;0.0;0.0;1.0;0.0;0.0;0.0;1.2;0.0;0.0;0.0;2.5;0.0;0.0;0.0;1.125;6.94256;1.89644;0.0;3.47221;6.94256;2.82288;4.5;-1.995;-3.885;-2.67;-0.1725;0.0;0.0;0.0;0.0;3.12;5.01;2.67;0.51;0.0;0.0;0.0;0.0;0.0;0.0;0.0;0.0;1.125;1.125;0.0;0.3375;2.5875;0.0;11.31;12.55147
210.0;0.10288;1.23792;1.0;1.0;2.49;4.81;2.04;1.11;10.45;2.0;0.0;0.0;0.0;1.0;0.0;0.0;0.0;1.2;0.0;0.0;0.0;2.5;0.0;0.0;0.0;1.17;6.94256;1.43639;0.0;3.47221;6.94256;2.82288;4.5;-1.56;-3.88;-2.04;-0.831;0.0;0.0;0.0;0.0;2.49;4.81;2.04;1.11;0.0;0.0;0.0;0.0;0.0;0.0;0.0;0.0;0.93;0.93;0.0;0.279;2.139;0.0;10.45;11.68792
211.0;0.10519;1.17386;1.0;1.0;2.49;4.54;2.67;1.35;11.05;2.0;0.0;0.0;0.0;1.0;0.0;0.0;0.0;1.2;0.0;0.0;0.0;2.5;0.0;0.0;0.0;1.17;6.94256;2.59333;0.0;3.47221;6.94256;2.82288;4.5;-1.83;-3.88;-2.67;-1.152;0.0;0.0;0.0;0.0;2.49;4.54;2.67;1.35;0.0;0.0;0.0;0.0;0.0;0.0;0.0;0.0;0.66;0.66;0.0;0.198;1.518;0.0;11.05;12.22386
212.0;0.15133;0.98523;1.0;1.0;3.12;4.4;3.54;0.9;11.96;2.0;0.0;0.0;0.0;1.0;0.0;0.0;0.0;1.2;0.0;0.0;0.0;2.5;0.0;0.0;0.0;1.125;6.94256;3.47221;0.64678;3.47221;6.94256;2.82288;4.5;-2.79;-4.07;-3.54;-0.801;0.0;0.0;0.0;0.0;3.12;4.4;3.54;0.9;0.0;0.0;0.0;0.0;0.0;0.0;0.0;0.0;0.33;0.33;0.0;0.099;0.759;0.0;11.96;12.94523
213.0;0.10596;0.94927;1.0;1.0;2.79;4.12;2.4;0.87;10.18;2.0;0.0;0.0;0.0;1.0;0.0;0.0;0.0;1.2;0.0;0.0;0.0;2.5;0.0;0.0;0.0;1.035;6.94256;2.97923;0.0;3.47221;6.94256;2.82288;4.5;-2.715;-4.045;-2.4;-0.8475;0.0;0.0;0.0;0.0;2.79;4.12;2.4;0.87;0.0;0.0;0.0;0.0;0.0;0.0;0.0;0.0;0.075;0.075;0.0;0.0225;0.1725;0.0;10.18;11.12927
214.0;0.10226;0.882;1.0;1.0;2.4;3.98;1.62;0.27;8.27;2.0;0.0;0.0;0.0;1.0;0.0;0.0;0.0;1.2;0.0;0.0;0.0;2.5;0.0;0.0;0.0;1.08;6.94256;1.12947;0.0;3.47221;6.94256;2.82288;4.5;-2.4;-3.98;-1.62;-0.27;0.0;0.0;0.0;0.0;2.4;3.98;1.62;0.27;0.0;0.0;0.0;0.0;0.0;0.0;0.0;0.0;0.0;0.0;0.0;0.0;0.0;0.0;8.27;9.152
215.0;0.09135;0.98595;1.0;1.0;1.65;3.83;0.87;0.15;6.5;2.0;0.0;0.0;0.0;1.0;0.0;0.0;0.0;1.2;0.0;0.0;0.0;2.5;0.0;0.0;0.0;0.945;6.54095;0.0;0.0;3.47221;6.94256;2.82288;4.5;-1.65;-3.83;-0.87;-0.15;0.0;0.0;0.0;0.0;1.65;3.83;0.87;0.15;0.0;0.0;0.0;0.0;0.0;0.0;0.0;0.0;0.0;0.0;0.0;0.0;0.0;0.0;6.5;7.48595
216.0;0.09025;1.11141;1.0;1.0;1.35;3.7;0.63;0.12;5.8;2.0;0.0;0.0;0.0;1.0;0.0;0.0;0.0;1.2;0.0;0.0;0.0;2.5;0.0;0.0;0.0;0.81;6.10141;0.0;0.0;3.47221;6.94256;2.82288;4.5;-1.35;-3.7;-0.63;-0.12;0.0;0.0;0.0;0.0;1.35;3.7;0.63;0.12;0.0;0.0;0.0;0.0;0.0;0.0;0.0;0.0;0.0;0.0;0.0;0.0;0.0;0.0;5.8;6.91141
217.0;0.08941;1.01543;1.0;1.0;1.17;3.85;0.15;0.12;5.29;2.0;0.0;0.0;0.0;1.0;0.0;0.0;0.0;1.2;0.0;0.0;0.0;2.5;0.0;0.0;0.0;0.54;5.76543;0.0;0.0;3.47221;6.94256;2.82288;4.5;-1.17;-3.85;-0.15;-0.12;0.0;0.0;0.0;0.0;1.17;3.85;0.15;0.12;0.0;0.0;0.0;0.0;0.0;0.0;0.0;0.0;0.0;0.0;0.0;0.0;0.0;0.0;5.29;6.30543
218.0;0.08615;1.03473;1.0;1.0;0.27;3.44;0.15;0.06;3.92;2.0;0.0;0.0;0.0;1.0;0.0;0.0;0.0;1.2;0.0;0.0;0.0;2.5;0.0;0.0;0.0;0.495;4.45973;0.0;0.0;3.47221;6.94256;2.82288;4.5;-0.27;-3.44;-0.15;-0.06;0.0;0.0;0.0;0.0;0.27;3.44;0.15;0.06;0.0;0.0;0.0;0.0;0.0;0.0;0.0;0.0;0.0;0.0;0.0;0.0;0.0;0.0;3.92;4.95473
219.0;0.08566;1.03296;1.0;1.0;0.24;3.2;0.15;0.09;3.68;2.0;0.0;0.0;0.0;1.0;0.0;0.0;0.0;1.2;0.0;0.0;0.0;2.5;0.0;0.0;0.0;0.45;4.26296;0.0;0.0;3.47221;6.94256;2.82288;4.5;-0.24;-3.2;-0.15;-0.09;0.0;0.0;0.0;0.0;0.24;3.2;0.15;0.09;0.0;0.0;0.0;0.0;0.0;0.0;0.0;0.0;0.0;0.0;0.0;0.0;0.0;0.0;3.68;4.71296
220.0;0.08622;1.0673;1.0;1.0;0.21;3.42;0.15;0.09;3.87;2.0;0.0;0.0;0.0;1.0;0.0;0.0;0.0;1.2;0.0;0.0;0.0;2.5;0.0;0.0;0.0;0.45;4.4873;0.0;0.0;3.47221;6.94256;2.82288;4.5;-0.21;-3.42;-0.15;-0.09;0.0;0.0;0.0;0.0;0.21;3.42;0.15;0.09;0.0;0.0;0.0;0.0;0.0;0.0;0.0;0.0;0.0;0.0;0.0;0.0;0.0;0.0;3.87;4.9373
221.0;0.08833;1.12599;1.0;1.0;0.15;4.28;0.27;0.09;4.79;2.0;0.0;0.0;0.0;1.0;0.0;0.0;0.0;1.2;0.0;0.0;0.0;2.5;0.0;0.0;0.0;0.585;5.33099;0.0;0.0;3.47221;6.94256;2.82288;4.5;-0.15;-4.28;-0.27;-0.09;0.0;0.0;0.0;0.0;0.15;4.28;0.27;0.09;0.0;0.0;0.0;0.0;0.0;0.0;0.0;0.0;0.0;0.0;0.0;0.0;0.0;0.0;4.79;5.91599
222.0;0.09099;1.28621;1.0;1.0;0.15;4.9;0.54;0.15;5.74;2.0;0.0;0.0;0.0;1.0;0.0;0.0;0.0;1.2;0.0;0.0;0.0;2.5;0.0;0.0;0.0;0.63;6.39621;0.0;0.0;3.47221;6.94256;2.82288;4.5;-0.15;-4.9;-0.54;-0.15;0.0;0.0;0.0;0.0;0.15;4.9;0.54;0.15;0.0;0.0;0.0;0.0;0.0;0.0;0.0;0.0;0.0;0.0;0.0;0.0;0.0;0.0;5.74;7.02621
223.0;0.10214;1.3214;1.0;1.0;0.3;5.28;1.35;0.39;7.32;2.0;0.0;0.0;0.0;1.0;0.0;0.0;0.0;1.2;0.0;0.0;0.0;2.5;0.0;0.0;0.0;0.63;6.94256;1.06887;0.0;3.47221;6.94256;2.82288;4.5;-0.3;-5.28;-1.35;-0.39;0.0;0.0;0.0;0.0;0.3;5.28;1.35;0.39;0.0;0.0;0.0;0.0;0.0;0.0;0.0;0.0;0.0;0.0;0.0;0.0;0.0;0.0;7.32;8.6414
224.0;0.10572;1.35732;1.0;1.0;0.57;5.32;2.34;0.84;9.07;2.0;0.0;0.0;0.0;1.0;0.0;0.0;0.0;1.2;0.0;0.0;0.0;2.5;0.0;0.0;0.0;0.63;6.94256;2.85479;0.0;3.47221;6.94256;2.82288;4.5;-0.57;-5.32;-2.34;-0.84;0.0;0.0;0.0;0.0;0.57;5.32;2.34;0.84;0.0;0.0;0.0;0.0;0.0;0.0;0.0;0.0;0.0;0.0;0.0;0.0;0.0;0.0;9.07;10.42732
225.0;0.15033;1.43262;1.0;1.0;0.96;5.42;2.79;0.57;9.74;2.0;0.0;0.0;0.0;1.0;0.0;0.0;0.0;1.2;0.0;0.0;0.0;2.5;0.0;0.0;0.0;0.54;6.94256;3.47221;0.14917;3.47221;6.94256;2.82288;4.5;-0.93;-5.39;-2.79;-0.561;0.0;0.0;0.0;0.0;0.96;5.42;2.79;0.57;0.0;0.0;0.0;0.0;0.0;0.0;0.0;0.0;0.03;0.03;0.0;0.009;0.069;0.0;9.74;11.17262
226.0;0.15038;1.37064;1.0;1.0;1.29;5.4;3.33;0.3;10.32;2.0;0.0;0.0;0.0;1.0;0.0;0.0;0.0;1.2;0.0;0.0;0.0;2.5;0.0;0.0;0.0;0.45;6.94256;3.47221;0.17069;3.47221;6.94256;2.82288;4.5;-1.005;-5.115;-3.33;-0.2145;0.0;0.0;0.0;0.0;1.29;5.4;3.33;0.3;0.0;0.0;0.0;0.0;0.0;0.0;0.0;0.0;0.285;0.285;0.0;0.0855;0.6555;0.0;10.32;11.69064
227.0;0.10446;1.35443;1.0;1.0;1.56;4.45;3.54;0.18;9.73;2.0;0.0;0.0;0.0;1.0;0.0;0.0;0.0;1.2;0.0;0.0;0.0;2.5;0.0;0.0;0.0;0.36;6.94256;2.22939;0.0;3.47221;6.94256;2.82288;4.5;-0.885;-3.775;-3.54;0.0225;0.0;0.0;0.0;0.0;1.56;4.45;3.54;0.18;0.0;0.0;0.0;0.0;0.0;0.0;0.0;0.0;0.675;0.675;0.0;0.2025;1.5525;0.0;9.73;11.08443
228.0;0.10419;1.24195;1.0;1.0;1.23;4.82;4.17;0.21;10.43;2.0;0.0;0.0;0.0;1.0;0.0;0.0;0.0;1.2;0.0;0.0;0.0;2.5;0.0;0.0;0.0;0.36;6.94256;2.09241;0.0;3.47221;6.94256;2.82288;4.5;-0.24;-3.83;-4.17;0.087;0.0;0.0;0.0;0.0;1.23;4.82;4.17;0.21;0.0;0.0;0.0;0.0;0.0;0.0;0.0;0.0;0.99;0.99;0.0;0.297;2.277;0.0;10.43;11.67195
229.0;0.10369;1.1537;1.0;1.0;1.35;4.84;4.23;0.24;10.66;2.0;0.0;0.0;0.0;1.0;0.0;0.0;0.0;1.2;0.0;0.0;0.0;2.5;0.0;0.0;0.0;0.405;6.94256;1.84417;0.0;3.47221;6.94256;2.82288;4.5;-0.21;-3.7;-4.23;0.102;0.0;0.0;0.0;0.0;1.35;4.84;4.23;0.24;0.0;0.0;0.0;0.0;0.0;0.0;0.0;0.0;1.14;1.14;0.0;0.342;2.622;0.0;10.66;11.8137
230.0;0.10273;1.06496;1.0;1.0;1.89;4.62;3.63;0.33;10.47;2.0;0.0;0.0;0.0;1.0;0.0;0.0;0.0;1.2;0.0;0.0;0.0;2.5;0.0;0.0;0.0;0.54;6.94256;1.36142;0.0;3.47221;6.94256;2.82288;4.5;-0.72;-3.45;-3.63;0.021;0.0;0.0;0.0;0.0;1.89;4.62;3.63;0.33;0.0;0.0;0.0;0.0;0.0;0.0;0.0;0.0;1.17;1.17;0.0;0.351;2.691;0.0;10.47;11.53496
231.0;0.10089;1.17442;1.0;1.0;1.65;4.65;3.06;0.18;9.54;2.0;0.0;0.0;0.0;1.0;0.0;0.0;0.0;1.2;0.0;0.0;0.0;2.5;0.0;0.0;0.0;0.675;6.94256;0.44039;0.0;3.47221;6.94256;2.82288;4.5;-0.495;-3.495;-3.06;0.1665;0.0;0.0;0.0;0.0;1.65;4.65;3.06;0.18;0.0;0.0;0.0;0.0;0.0;0.0;0.0;0.0;1.155;1.155;0.0;0.3465;2.6565;0.0;9.54;10.71442
232.0;0.10006;1.15091;1.0;1.0;1.17;5.02;2.82;0.18;9.19;2.0;0.0;0.0;0.0;1.0;0.0;0.0;0.0;1.2;0.0;0.0;0.0;2.5;0.0;0.0;0.0;0.855;6.94255;0.02488;0.0;3.47221;6.94256;2.82288;4.5;-0.075;-3.925;-2.82;0.1485;0.0;0.0;0.0;0.0;1.17;5.02;2.82;0.18;0.0;0.0;0.0;0.0;0.0;0.0;0.0;0.0;1.095;1.095;0.0;0.3285;2.5185;0.0;9.19;10.34091
233.0;0.1043;1.16782;1.0;1.0;3.21;4.91;2.52;0.54;11.18;2.0;0.0;0.0;0.0;1.0;0.0;0.0;0.0;1.2;0.0;0.0;0.0;2.5;0.0;0.0;0.0;0.945;6.94256;2.14879;0.0;3.47221;6.94256;2.82288;4.5;-2.205;-3.905;-2.52;-0.2385;0.0;0.0;0.0;0.0;3.21;4.91;2.52;0.54;0.0;0.0;0.0;0.0;0.0;0.0;0.0;0.0;1.005;1.005;0.0;0.3015;2.3115;0.0;11.18;12.34782
234.0;0.10466;1.15346;1.0;1.0;2.64;4.97;2.31;1.11;11.03;2.0;0.0;0.0;0.0;1.0;0.0;0.0;0.0;1.2;0.0;0.0;0.0;2.5;0.0;0.0;0.0;0.945;6.94256;2.32942;0.0;3.47221;6.94256;2.82288;4.5;-1.785;-4.115;-2.31;-0.8535;0.0;0.0;0.0;0.0;2.64;4.97;2.31;1.11;0.0;0.0;0.0;0.0;0.0;0.0;0.0;0.0;0.855;0.855;0.0;0.2565;1.9665;0.0;11.03;12.18346
235.0;0.15169;1.07465;1.0;1.0;2.58;5.37;2.97;1.47;12.39;2.0;0.0;0.0;0.0;1.0;0.0;0.0;0.0;1.2;0.0;0.0;0.0;2.5;0.0;0.0;0.0;0.945;6.94256;3.47221;0.8287;3.47221;6.94256;2.82288;4.5;-2.025;-4.815;-2.97;-1.3035;0.0;0.0;0.0;0.0;2.58;5.37;2.97;1.47;0.0;0.0;0.0;0.0;0.0;0.0;0.0;0.0;0.555;0.555;0.0;0.1665;1.2765;0.0;12.39;13.46465
236.0;0.15189;1.06378;1.0;1.0;3.42;3.97;3.48;0.87;11.74;2.0;0.0;0.0;0.0;1.0;0.0;0.0;0.0;1.2;0.0;0.0;0.0;2.5;0.0;0.0;0.0;0.945;6.94256;3.47221;0.92683;3.47221;6.94256;2.82288;4.5;-3.195;-3.745;-3.48;-0.8025;0.0;0.0;0.0;0.0;3.42;3.97;3.48;0.87;0.0;0.0;0.0;0.0;0.0;0.0;0.0;0.0;0.225;0.225;0.0;0.0675;0.5175;0.0;11.74;12.80378
237.0;0.10602;1.02318;1.0;1.0;2.79;3.71;2.46;0.9;9.86;2.0;0.0;0.0;0.0;1.0;0.0;0.0;0.0;1.2;0.0;0.0;0.0;2.5;0.0;0.0;0.0;0.9;6.94256;3.00615;0.0;3.47221;6.94256;2.82288;4.5;-2.775;-3.695;-2.46;-0.8955;0.0;0.0;0.0;0.0;2.79;3.71;2.46;0.9;0.0;0.0;0.0;0.0;0.0;0.0;0.0;0.0;0.015;0.015;0.0;0.0045;0.0345;0.0;9.86;10.88318
238.0;0.10345;1.04042;1.0;1.0;2.64;4.07;1.44;0.33;8.48;2.0;0.0;0.0;0.0;1.0;0.0;0.0;0.0;1.2;0.0;0.0;0.0;2.5;0.0;0.0;0.0;0.855;6.94256;1.72289;0.0;3.47221;6.94256;2.82288;4.5;-2.64;-4.07;-1.44;-0.33;0.0;0.0;0.0;0.0;2.64;4.07;1.44;0.33;0.0;0.0;0.0;0.0;0.0;0.0;0.0;0.0;0.0;0.0;0.0;0.0;0.0;0.0;8.48;9.52042
239.0;0.09273;1.01008;1.0;1.0;1.77;4.01;0.81;0.15;6.74;2.0;0.0;0.0;0.0;1.0;0.0;0.0;0.0;1.2;0.0;0.0;0.0;2.5;0.0;0.0;0.0;0.81;6.94115;0.0;0.0;3.47221;6.94256;2.82288;4.5;-1.77;-4.01;-0.81;-0.15;0.0;0.0;0.0;0.0;1.77;4.01;0.81;0.15;0.0;0.0;0.0;0.0;0.0;0.0;0.0;0.0;0.0;0.0;0.0;0.0;0.0;0.0;6.74;7.75008
240.0;0.08975;0.97677;1.0;1.0;1.59;3.41;0.57;0.12;5.69;2.0;0.0;0.0;0.0;1.0;0.0;0.0;0.0;1.2;0.0;0.0;0.0;2.5;0.0;0.0;0.0;0.765;5.90177;0.0;0.0;3.47221;6.94256;2.82288;4.5;-1.59;-3.41;-0.57;-0.12;0.0;0.0;0.0;0.0;1.59;3.41;0.57;0.12;0.0;0.0;0.0;0.0;0.0;0.0;0.0;0.0;0.0;0.0;0.0;0.0;0.0;0.0;5.69;6.66677
241.0;0.08855;0.95023;1.0;1.0;1.29;3.9;0.15;0.12;5.46;2.0;0.0;0.0;0.0;1.0;0.0;0.0;0.0;1.2;0.0;0.0;0.0;2.5;0.0;0.0;0.0;0.99;5.42023;0.0;0.0;3.47221;6.94256;2.82288;4.5;-1.29;-3.9;-0.15;-0.12;0.0;0.0;0.0;0.0;1.29;3.9;0.15;0.12;0.0;0.0;0.0;0.0;0.0;0.0;0.0;0.0;0.0;0.0;0.0;0.0;0.0;0.0;5.46;6.41023
242.0;0.08474;0.95197;1.0;1.0;0.27;3.41;0.15;0.06;3.89;2.0;0.0;0.0;0.0;1.0;0.0;0.0;0.0;1.2;0.0;0.0;0.0;2.5;0.0;0.0;0.0;0.945;3.89697;0.0;0.0;3.47221;6.94256;2.82288;4.5;-0.27;-3.41;-0.15;-0.06;0.0;0.0;0.0;0.0;0.27;3.41;0.15;0.06;0.0;0.0;0.0;0.0;0.0;0.0;0.0;0.0;0.0;0.0;0.0;0.0;0.0;0.0;3.89;4.84197
243.0;0.08366;0.95402;1.0;1.0;0.24;2.93;0.15;0.09;3.41;2.0;0.0;0.0;0.0;1.0;0.0;0.0;0.0;1.2;0.0;0.0;0.0;2.5;0.0;0.0;0.0;0.9;3.46402;0.0;0.0;3.47221;6.94256;2.82288;4.5;-0.24;-2.93;-0.15;-0.09;0.0;0.0;0.0;0.0;0.24;2.93;0.15;0.09;0.0;0.0;0.0;0.0;0.0;0.0;0.0;0.0;0.0;0.0;0.0;0.0;0.0;0.0;3.41;4.36402
244.0;0.08355;0.96308;1.0;1.0;0.21;2.86;0.15;0.09;3.31;2.0;0.0;0.0;0.0;1.0;0.0;0.0;0.0;1.2;0.0;0.0;0.0;2.5;0.0;0.0;0.0;0.855;3.41808;0.0;0.0;3.47221;6.94256;2.82288;4.5;-0.21;-2.86;-0.15;-0.09;0.0;0.0;0.0;0.0;0.21;2.86;0.15;0.09;0.0;0.0;0.0;0.0;0.0;0.0;0.0;0.0;0.0;0.0;0.0;0.0;0.0;0.0;3.31;4.27308
245.0;0.08752;0.98813;1.0;1.0;0.15;4.35;0.33;0.09;4.92;2.0;0.0;0.0;0.0;1.0;0.0;0.0;0.0;1.2;0.0;0.0;0.0;2.5;0.0;0.0;0.0;0.9;5.00813;0.0;0.0;3.47221;6.94256;2.82288;4.5;-0.15;-4.35;-0.33;-0.09;0.0;0.0;0.0;0.0;0.15;4.35;0.33;0.09;0.0;0.0;0.0;0.0;0.0;0.0;0.0;0.0;0.0;0.0;0.0;0.0;0.0;0.0;4.92;5.90813
246.0;0.0874;1.00809;1.0;1.0;0.15;4.1;0.54;0.15;4.94;2.0;0.0;0.0;0.0;1.0;0.0;0.0;0.0;1.2;0.0;0.0;0.0;2.5;0.0;0.0;0.0;0.99;4.95809;0.0;0.0;3.47221;6.94256;2.82288;4.5;-0.15;-4.1;-0.54;-0.15;0.0;0.0;0.0;0.0;0.15;4.1;0.54;0.15;0.0;0.0;0.0;0.0;0.0;0.0;0.0;0.0;0.0;0.0;0.0;0.0;0.0;0.0;4.94;5.94809
247.0;0.09177;1.02244;1.0;1.0;0.27;4.74;1.35;0.45;6.81;2.0;0.0;0.0;0.0;1.0;0.0;0.0;0.0;1.2;0.0;0.0;0.0;2.5;0.0;0.0;0.0;1.125;6.70744;0.0;0.0;3.47221;6.94256;2.82288;4.5;-0.27;-4.74;-1.35;-0.45;0.0;0.0;0.0;0.0;0.27;4.74;1.35;0.45;0.0;0.0;0.0;0.0;0.0;0.0;0.0;0.0;0.0;0.0;0.0;0.0;0.0;0.0;6.81;7.83244
248.0;0.10385;1.04544;1.0;1.0;0.54;5.03;2.64;0.87;9.08;2.0;0.0;0.0;0.0;1.0;0.0;0.0;0.0;1.2;0.0;0.0;0.0;2.5;0.0;0.0;0.0;1.26;6.94256;1.92291;0.0;3.47221;6.94256;2.82288;4.5;-0.54;-5.03;-2.64;-0.87;0.0;0.0;0.0;0.0;0.54;5.03;2.64;0.87;0.0;0.0;0.0;0.0;0.0;0.0;0.0;0.0;0.0;0.0;0.0;0.0;0.0;0.0;9.08;10.12544
249.0;0.10386;1.07675;1.0;1.0;0.99;4.84;2.7;0.6;9.13;2.0;0.0;0.0;0.0;1.0;0.0;0.0;0.0;1.2;0.0;0.0;0.0;2.5;0.0;0.0;0.0;1.305;6.94256;1.92471;0.0;3.47221;6.94256;2.82288;4.5;-0.975;-4.825;-2.7;-0.5955;0.0;0.0;0.0;0.0;0.99;4.84;2.7;0.6;0.0;0.0;0.0;0.0;0.0;0.0;0.0;0.0;0.015;0.015;0.0;0.0045;0.0345;0.0;9.13;10.20675
250.0;0.10505;1.09172;1.0;1.0;1.2;5.41;3.33;0.3;10.24;2.0;0.0;0.0;0.0;1.0;0.0;0.0;0.0;1.2;0.0;0.0;0.0;2.5;0.0;0.0;0.0;1.35;6.94256;2.52168;0.0;3.47221;6.94256;2.82288;4.5;-0.975;-5.185;-3.33;-0.2325;0.0;0.0;0.0;0.0;1.2;5.41;3.33;0.3;0.0;0.0;0.0;0.0;0.0;0.0;0.0;0.0;0.225;0.225;0.0;0.0675;0.5175;0.0;10.24;11.33172
251.0;0.10317;1.08018;1.0;1.0;1.35;5.02;3.66;0.18;10.21;2.0;0.0;0.0;0.0;1.0;0.0;0.0;0.0;1.2;0.0;0.0;0.0;2.5;0.0;0.0;0.0;1.35;6.94256;1.58315;0.0;3.47221;6.94256;2.82288;4.5;-0.735;-4.405;-3.66;0.0045;0.0;0.0;0.0;0.0;1.35;5.02;3.66;0.18;0.0;0.0;0.0;0.0;0.0;0.0;0.0;0.0;0.615;0.615;0.0;0.1845;1.4145;0.0;10.21;11.29018
252.0;0.10254;1.03376;1.0;1.0;1.32;5.07;4.11;0.21;10.71;2.0;0.0;0.0;0.0;1.0;0.0;0.0;0.0;1.2;0.0;0.0;0.0;2.5;0.0;0.0;0.0;1.395;6.94256;1.26723;0.0;3.47221;6.94256;2.82288;4.5;-0.39;-4.14;-4.11;0.069;0.0;0.0;0.0;0.0;1.32;5.07;4.11;0.21;0.0;0.0;0.0;0.0;0.0;0.0;0.0;0.0;0.93;0.93;0.0;0.279;2.139;0.0;10.71;11.74376
253.0;0.10343;0.91673;1.0;1.0;1.47;5.73;4.11;0.24;11.55;2.0;0.0;0.0;0.0;1.0;0.0;0.0;0.0;1.2;0.0;0.0;0.0;2.5;0.0;0.0;0.0;1.26;6.94256;1.7112;0.0;3.47221;6.94256;2.82288;4.5;-0.36;-4.62;-4.11;0.093;0.0;0.0;0.0;0.0;1.47;5.73;4.11;0.24;0.0;0.0;0.0;0.0;0.0;0.0;0.0;0.0;1.11;1.11;0.0;0.333;2.553;0.0;11.55;12.46673
254.0;0.10122;0.81289;1.0;1.0;1.77;4.67;3.84;0.33;10.61;2.0;0.0;0.0;0.0;1.0;0.0;0.0;0.0;1.2;0.0;0.0;0.0;2.5;0.0;0.0;0.0;1.215;6.94256;0.60886;0.0;3.47221;6.94256;2.82288;4.5;-0.615;-3.515;-3.84;0.0165;0.0;0.0;0.0;0.0;1.77;4.67;3.84;0.33;0.0;0.0;0.0;0.0;0.0;0.0;0.0;0.0;1.155;1.155;0.0;0.3465;2.6565;0.0;10.61;11.42289
255.0;0.09113;0.89134;1.0;1.0;1.47;4.8;3.06;0.18;9.51;2.0;0.0;0.0;0.0;1.0;0.0;0.0;0.0;1.2;0.0;0.0;0.0;2.5;0.0;0.0;0.0;1.26;6.45034;0.0;0.0;3.47221;6.94256;2.82288;4.5;-0.3;-3.63;-3.06;0.171;0.0;0.0;0.0;0.0;1.47;4.8;3.06;0.18;0.0;0.0;0.0;0.0;0.0;0.0;0.0;0.0;1.17;1.17;0.0;0.351;2.691;0.0;9.51;10.40134
256.0;0.0913;0.9213;1.0;1.0;1.26;5.18;2.97;0.18;9.59;2.0;0.0;0.0;0.0;1.0;0.0;0.0;0.0;1.2;0.0;0.0;0.0;2.5;0.0;0.0;0.0;1.575;6.5213;0.0;0.0;3.47221;6.94256;2.82288;4.5;-0.21;-4.13;-2.97;0.135;0.0;0.0;0.0;0.0;1.26;5.18;2.97;0.18;0.0;0.0;0.0;0.0;0.0;0.0;0.0;0.0;1.05;1.05;0.0;0.315;2.415;0.0;9.59;10.5113
257.0;0.10231;0.91576;1.0;1.0;2.94;4.66;2.67;0.54;10.81;2.0;0.0;0.0;0.0;1.0;0.0;0.0;0.0;1.2;0.0;0.0;0.0;2.5;0.0;0.0;0.0;1.665;6.94256;1.15172;0.0;3.47221;6.94256;2.82288;4.5;-2.085;-3.805;-2.67;-0.2835;0.0;0.0;0.0;0.0;2.94;4.66;2.67;0.54;0.0;0.0;0.0;0.0;0.0;0.0;0.0;0.0;0.855;0.855;0.0;0.2565;1.9665;0.0;10.81;11.72576
258.0;0.1047;0.83039;1.0;1.0;2.4;5.39;2.31;1.32;11.42;2.0;0.0;0.0;0.0;1.0;0.0;0.0;0.0;1.2;0.0;0.0;0.0;2.5;0.0;0.0;0.0;1.755;6.94256;2.34536;0.0;3.47221;6.94256;2.82288;4.5;-1.875;-4.865;-2.31;-1.1625;0.0;0.0;0.0;0.0;2.4;5.39;2.31;1.32;0.0;0.0;0.0;0.0;0.0;0.0;0.0;0.0;0.525;0.525;0.0;0.1575;1.2075;0.0;11.42;12.25039
259.0;0.10503;0.72111;1.0;1.0;2.58;4.51;2.52;1.26;10.87;2.0;0.0;0.0;0.0;1.0;0.0;0.0;0.0;1.2;0.0;0.0;0.0;2.5;0.0;0.0;0.0;1.62;6.94256;2.51108;0.0;3.47221;6.94256;2.82288;4.5;-2.355;-4.285;-2.52;-1.1925;0.0;0.0;0.0;0.0;2.58;4.51;2.52;1.26;0.0;0.0;0.0;0.0;0.0;0.0;0.0;0.0;0.225;0.225;0.0;0.0675;0.5175;0.0;10.87;11.59111
260.0;0.15053;0.66869;1.0;1.0;3.39;3.9;3.39;0.9;11.58;2.0;0.0;0.0;0.0;1.0;0.0;0.0;0.0;1.2;0.0;0.0;0.0;2.5;0.0;0.0;0.0;1.485;6.94256;3.47221;0.24574;3.47221;6.94256;2.82288;4.5;-3.345;-3.855;-3.39;-0.8865;0.0;0.0;0.0;0.0;3.39;3.9;3.39;0.9;0.0;0.0;0.0;0.0;0.0;0.0;0.0;0.0;0.045;0.045;0.0;0.0135;0.1035;0.0;11.58;12.24869
261.0;0.10296;0.81031;1.0;1.0;2.43;3.53;2.22;0.96;9.14;2.0;0.0;0.0;0.0;1.0;0.0;0.0;0.0;1.2;0.0;0.0;0.0;2.5;0.0;0.0;0.0;1.53;6.94256;1.47778;0.0;3.47221;6.94256;2.82288;4.5;-2.43;-3.53;-2.22;-0.96;0.0;0.0;0.0;0.0;2.43;3.53;2.22;0.96;0.0;0.0;0.0;0.0;0.0;0.0;0.0;0.0;0.0;0.0;0.0;0.0;0.0;0.0;9.14;9.95031
262.0;0.10122;0.89092;1.0;1.0;2.46;3.9;1.56;0.27;8.19;2.0;0.0;0.0;0.0;1.0;0.0;0.0;0.0;1.2;0.0;0.0;0.0;2.5;0.0;0.0;0.0;1.53;6.94256;0.60839;0.0;3.47221;6.94256;2.82288;4.5;-2.46;-3.9;-1.56;-0.27;0.0;0.0;0.0;0.0;2.46;3.9;1.56;0.27;0.0;0.0;0.0;0.0;0.0;0.0;0.0;0.0;0.0;0.0;0.0;0.0;0.0;0.0;8.19;9.08092
263.0;0.08916;0.87862;1.0;1.0;1.74;3.45;0.93;0.15;6.27;2.0;0.0;0.0;0.0;1.0;0.0;0.0;0.0;1.2;0.0;0.0;0.0;2.5;0.0;0.0;0.0;1.485;5.66362;0.0;0.0;3.47221;6.94256;2.82288;4.5;-1.74;-3.45;-0.93;-0.15;0.0;0.0;0.0;0.0;1.74;3.45;0.93;0.15;0.0;0.0;0.0;0.0;0.0;0.0;0.0;0.0;0.0;0.0;0.0;0.0;0.0;0.0;6.27;7.14862
264.0;0.08762;0.88833;1.0;1.0;1.59;3.26;0.63;0.12;5.6;2.0;0.0;0.0;0.0;1.0;0.0;0.0;0.0;1.2;0.0;0.0;0.0;2.5;0.0;0.0;0.0;1.44;5.04833;0.0;0.0;3.47221;6.94256;2.82288;4.5;-1.59;-3.26;-0.63;-0.12;0.0;0.0;0.0;0.0;1.59;3.26;0.63;0.12;0.0;0.0;0.0;0.0;0.0;0.0;0.0;0.0;0.0;0.0;0.0;0.0;0.0;0.0;5.6;6.48833
265.0;0.08542;0.96817;1.0;1.0;1.26;3.83;0.15;0.12;5.36;2.0;0.0;0.0;0.0;1.0;0.0;0.0;0.0;1.2;0.0;0.0;0.0;2.5;0.0;0.0;0.0;2.16;4.16817;0.0;0.0;3.47221;6.94256;2.82288;4.5;-1.26;-3.83;-0.15;-0.12;0.0;0.0;0.0;0.0;1.26;3.83;0.15;0.12;0.0;0.0;0.0;0.0;0.0;0.0;0.0;0.0;0.0;0.0;0.0;0.0;0.0;0.0;5.36;6.32817
266.0;0.081;0.98997;1.0;1.0;0.27;3.0;0.15;0.06;3.48;2.0;0.0;0.0;0.0;1.0;0.0;0.0;0.0;1.2;0.0;0.0;0.0;2.5;0.0;0.0;0.0;2.07;2.39997;0.0;0.0;3.47221;6.94256;2.82288;4.5;-0.27;-3.0;-0.15;-0.06;0.0;0.0;0.0;0.0;0.27;3.0;0.15;0.06;0.0;0.0;0.0;0.0;0.0;0.0;0.0;0.0;0.0;0.0;0.0;0.0;0.0;0.0;3.48;4.46997
267.0;0.08199;0.99156;1.0;1.0;0.24;3.44;0.15;0.09;3.92;2.0;0.0;0.0;0.0;1.0;0.0;0.0;0.0;1.2;0.0;0.0;0.0;2.5;0.0;0.0;0.0;2.115;2.79656;0.0;0.0;3.47221;6.94256;2.82288;4.5;-0.24;-3.44;-0.15;-0.09;0.0;0.0;0.0;0.0;0.24;3.44;0.15;0.09;0.0;0.0;0.0;0.0;0.0;0.0;0.0;0.0;0.0;0.0;0.0;0.0;0.0;0.0;3.92;4.91156
268.0;0.08166;1.03297;1.0;1.0;0.21;3.16;0.15;0.09;3.61;2.0;0.0;0.0;0.0;1.0;0.0;0.0;0.0;1.2;0.0;0.0;0.0;2.5;0.0;0.0;0.0;1.98;2.66297;0.0;0.0;3.47221;6.94256;2.82288;4.5;-0.21;-3.16;-0.15;-0.09;0.0;0.0;0.0;0.0;0.21;3.16;0.15;0.09;0.0;0.0;0.0;0.0;0.0;0.0;0.0;0.0;0.0;0.0;0.0;0.0;0.0;0.0;3.61;4.64297
269.0;0.08471;1.122;1.0;1.0;0.15;4.11;0.3;0.09;4.65;2.0;0.0;0.0;0.0;1.0;0.0;0.0;0.0;1.2;0.0;0.0;0.0;2.5;0.0;0.0;0.0;1.89;3.882;0.0;0.0;3.47221;6.94256;2.82288;4.5;-0.15;-4.11;-0.3;-0.09;0.0;0.0;0.0;0.0;0.15;4.11;0.3;0.09;0.0;0.0;0.0;0.0;0.0;0.0;0.0;0.0;0.0;0.0;0.0;0.0;0.0;0.0;4.65;5.772
270.0;0.08738;1.25546;1.0;1.0;0.15;4.58;0.57;0.15;5.45;2.0;0.0;0.0;0.0;1.0;0.0;0.0;0.0;1.2;0.0;0.0;0.0;2.5;0.0;0.0;0.0;1.755;4.95046;0.0;0.0;3.47221;6.94256;2.82288;4.5;-0.15;-4.58;-0.57;-0.15;0.0;0.0;0.0;0.0;0.15;4.58;0.57;0.15;0.0;0.0;0.0;0.0;0.0;0.0;0.0;0.0;0.0;0.0;0.0;0.0;0.0;0.0;5.45;6.70546
271.0;0.10004;1.35971;1.0;1.0;0.27;5.12;1.41;0.42;7.22;2.0;0.0;0.0;0.0;1.0;0.0;0.0;0.0;1.2;0.0;0.0;0.0;2.5;0.0;0.0;0.0;1.62;6.94255;0.01718;0.0;3.47221;6.94256;2.82288;4.5;-0.27;-5.12;-1.41;-0.42;0.0;0.0;0.0;0.0;0.27;5.12;1.41;0.42;0.0;0.0;0.0;0.0;0.0;0.0;0.0;0.0;0.0;0.0;0.0;0.0;0.0;0.0;7.22;8.57971
272.0;0.10314;1.35401;1.0;1.0;0.6;4.71;2.46;0.87;8.64;2.0;0.0;0.0;0.0;1.0;0.0;0.0;0.0;1.2;0.0;0.0;0.0;2.5;0.0;0.0;0.0;1.485;6.94256;1.56647;0.0;3.47221;6.94256;2.82288;4.5;-0.6;-4.71;-2.46;-0.87;0.0;0.0;0.0;0.0;0.6;4.71;2.46;0.87;0.0;0.0;0.0;0.0;0.0;0.0;0.0;0.0;0.0;0.0;0.0;0.0;0.0;0.0;8.64;9.99401
273.0;0.10582;1.32691;1.0;1.0;0.93;5.48;2.94;0.57;9.92;2.0;0.0;0.0;0.0;1.0;0.0;0.0;0.0;1.2;0.0;0.0;0.0;2.5;0.0;0.0;0.0;1.395;6.94256;2.90937;0.0;3.47221;6.94256;2.82288;4.5;-0.93;-5.48;-2.94;-0.57;0.0;0.0;0.0;0.0;0.93;5.48;2.94;0.57;0.0;0.0;0.0;0.0;0.0;0.0;0.0;0.0;0.0;0.0;0.0;0.0;0.0;0.0;9.92;11.24691
274.0;0.10575;1.34096;1.0;1.0;1.11;5.05;3.3;0.3;9.76;2.0;0.0;0.0;0.0;1.0;0.0;0.0;0.0;1.2;0.0;0.0;0.0;2.5;0.0;0.0;0.0;1.215;6.94256;2.87443;0.0;3.47221;6.94256;2.82288;4.5;-1.08;-5.02;-3.3;-0.291;0.0;0.0;0.0;0.0;1.11;5.05;3.3;0.3;0.0;0.0;0.0;0.0;0.0;0.0;0.0;0.0;0.03;0.03;0.0;0.009;0.069;0.0;9.76;11.10096
275.0;0.10482;1.40405;1.0;1.0;1.41;4.29;3.72;0.18;9.6;2.0;0.0;0.0;0.0;1.0;0.0;0.0;0.0;1.2;0.0;0.0;0.0;2.5;0.0;0.0;0.0;1.035;6.94256;2.40552;0.0;3.47221;6.94256;2.82288;4.5;-1.14;-4.02;-3.72;-0.099;0.0;0.0;0.0;0.0;1.41;4.29;3.72;0.18;0.0;0.0;0.0;0.0;0.0;0.0;0.0;0.0;0.27;0.27;0.0;0.081;0.621;0.0;9.6;11.00405
276.0;0.10368;1.13383;1.0;1.0;1.2;4.84;3.63;0.21;9.88;2.0;0.0;0.0;0.0;1.0;0.0;0.0;0.0;1.2;0.0;0.0;0.0;2.5;0.0;0.0;0.0;0.855;6.94256;1.83629;0.0;3.47221;6.94256;2.82288;4.5;-0.6;-4.24;-3.63;-0.03;0.0;0.0;0.0;0.0;1.2;4.84;3.63;0.21;0.0;0.0;0.0;0.0;0.0;0.0;0.0;0.0;0.6;0.6;0.0;0.18;1.38;0.0;9.88;11.01383
277.0;0.10579;1.11647;1.0;1.0;1.5;5.62;3.93;0.24;11.29;2.0;0.0;0.0;0.0;1.0;0.0;0.0;0.0;1.2;0.0;0.0;0.0;2.5;0.0;0.0;0.0;0.675;6.94256;2.89143;0.0;3.47221;6.94256;2.82288;4.5;-0.675;-4.795;-3.93;0.0075;0.0;0.0;0.0;0.0;1.5;5.62;3.93;0.24;0.0;0.0;0.0;0.0;0.0;0.0;0.0;0.0;0.825;0.825;0.0;0.2475;1.8975;0.0;11.29;12.40647
278.0;0.1034;0.96774;1.0;1.0;1.68;4.85;3.6;0.3;10.43;2.0;0.0;0.0;0.0;1.0;0.0;0.0;0.0;1.2;0.0;0.0;0.0;2.5;0.0;0.0;0.0;0.585;6.94256;1.6967;0.0;3.47221;6.94256;2.82288;4.5;-0.735;-3.905;-3.6;-0.0165;0.0;0.0;0.0;0.0;1.68;4.85;3.6;0.3;0.0;0.0;0.0;0.0;0.0;0.0;0.0;0.0;0.945;0.945;0.0;0.2835;2.1735;0.0;10.43;11.39774
279.0;0.10355;1.12106;1.0;1.0;1.59;5.09;3.63;0.18;10.49;2.0;0.0;0.0;0.0;1.0;0.0;0.0;0.0;1.2;0.0;0.0;0.0;2.5;0.0;0.0;0.0;0.585;6.94256;1.77203;0.0;3.47221;6.94256;2.82288;4.5;-0.585;-4.085;-3.63;0.1215;0.0;0.0;0.0;0.0;1.59;5.09;3.63;0.18;0.0;0.0;0.0;0.0;0.0;0.0;0.0;0.0;1.005;1.005;0.0;0.3015;2.3115;0.0;10.49;11.61106
280.0;0.10189;1.23838;1.0;1.0;1.32;5.1;2.91;0.18;9.51;2.0;0.0;0.0;0.0;1.0;0.0;0.0;0.0;1.2;0.0;0.0;0.0;2.5;0.0;0.0;0.0;0.585;6.94256;0.94385;0.0;3.47221;6.94256;2.82288;4.5;-0.33;-4.11;-2.91;0.117;0.0;0.0;0.0;0.0;1.32;5.1;2.91;0.18;0.0;0.0;0.0;0.0;0.0;0.0;0.0;0.0;0.99;0.99;0.0;0.297;2.277;0.0;9.51;10.74838
281.0;0.1039;1.02694;1.0;1.0;2.94;4.55;2.49;0.48;10.46;2.0;0.0;0.0;0.0;1.0;0.0;0.0;0.0;1.2;0.0;0.0;0.0;2.5;0.0;0.0;0.0;0.63;6.94256;1.94791;0.0;3.47221;6.94256;2.82288;4.5;-2.085;-3.695;-2.49;-0.2235;0.0;0.0;0.0;0.0;2.94;4.55;2.49;0.48;0.0;0.0;0.0;0.0;0.0;0.0;0.0;0.0;0.855;0.855;0.0;0.2565;1.9665;0.0;10.46;11.48694
282.0;0.10549;1.1411;1.0;1.0;2.52;4.78;1.92;1.23;10.45;2.0;0.0;0.0;0.0;1.0;0.0;0.0;0.0;1.2;0.0;0.0;0.0;2.5;0.0;0.0;0.0;0.63;6.94256;2.74207;0.0;3.47221;6.94256;2.82288;4.5;-1.965;-4.225;-1.92;-1.0635;0.0;0.0;0.0;0.0;2.52;4.78;1.92;1.23;0.0;0.0;0.0;0.0;0.0;0.0;0.0;0.0;0.555;0.555;0.0;0.1665;1.2765;0.0;10.45;11.5911
283.0;0.15165;0.93376;1.0;1.0;2.58;4.92;2.58;1.23;11.31;2.0;0.0;0.0;0.0;1.0;0.0;0.0;0.0;1.2;0.0;0.0;0.0;2.5;0.0;0.0;0.0;0.675;6.94256;3.47221;0.80931;3.47221;6.94256;2.82288;4.5;-2.43;-4.77;-2.58;-1.185;0.0;0.0;0.0;0.0;2.58;4.92;2.58;1.23;0.0;0.0;0.0;0.0;0.0;0.0;0.0;0.0;0.15;0.15;0.0;0.045;0.345;0.0;11.31;12.24376
284.0;0.1531;0.93961;1.0;1.0;3.36;4.12;3.24;0.96;11.68;2.0;0.0;0.0;0.0;1.0;0.0;0.0;0.0;1.2;0.0;0.0;0.0;2.5;0.0;0.0;0.0;0.675;6.94256;3.47221;1.53016;3.47221;6.94256;2.82288;4.5;-3.36;-4.12;-3.24;-0.96;0.0;0.0;0.0;0.0;3.36;4.12;3.24;0.96;0.0;0.0;0.0;0.0;0.0;0.0;0.0;0.0;0.0;0.0;0.0;0.0;0.0;0.0;11.68;12.61961
285.0;0.15069;0.88682;1.0;1.0;2.97;4.02;2.61;0.93;10.53;2.0;0.0;0.0;0.0;1.0;0.0;0.0;0.0;1.2;0.0;0.0;0.0;2.5;0.0;0.0;0.0;0.675;6.94256;3.47221;0.32737;3.47221;6.94256;2.82288;4.5;-2.97;-4.02;-2.61;-0.93;0.0;0.0;0.0;0.0;2.97;4.02;2.61;0.93;0.0;0.0;0.0;0.0;0.0;0.0;0.0;0.0;0.0;0.0;0.0;0.0;0.0;0.0;10.53;11.41682
286.0;0.10281;1.02335;1.0;1.0;2.19;3.99;1.56;0.3;8.04;2.0;0.0;0.0;0.0;1.0;0.0;0.0;0.0;1.2;0.0;0.0;0.0;2.5;0.0;0.0;0.0;0.72;6.94256;1.40081;0.0;3.47221;6.94256;2.82288;4.5;-2.19;-3.99;-1.56;-0.3;0.0;0.0;0.0;0.0;2.19;3.99;1.56;0.3;0.0;0.0;0.0;0.0;0.0;0.0;0.0;0.0;0.0;0.0;0.0;0.0;0.0;0.0;8.04;9.06335
287.0;0.09234;0.98805;1.0;1.0;1.71;3.95;0.81;0.15;6.62;2.0;0.0;0.0;0.0;1.0;0.0;0.0;0.0;1.2;0.0;0.0;0.0;2.5;0.0;0.0;0.0;0.675;6.93305;0.0;0.0;3.47221;6.94256;2.82288;4.5;-1.71;-3.95;-0.81;-0.15;0.0;0.0;0.0;0.0;1.71;3.95;0.81;0.15;0.0;0.0;0.0;0.0;0.0;0.0;0.0;0.0;0.0;0.0;0.0;0.0;0.0;0.0;6.62;7.60805
288.0;0.09034;0.97424;1.0;1.0;1.5;3.72;0.54;0.12;5.88;2.0;0.0;0.0;0.0;1.0;0.0;0.0;0.0;1.2;0.0;0.0;0.0;2.5;0.0;0.0;0.0;0.72;6.13424;0.0;0.0;3.47221;6.94256;2.82288;4.5;-1.5;-3.72;-0.54;-0.12;0.0;0.0;0.0;0.0;1.5;3.72;0.54;0.12;0.0;0.0;0.0;0.0;0.0;0.0;0.0;0.0;0.0;0.0;0.0;0.0;0.0;0.0;5.88;6.85424
